gestao_obras_id;nome_gestao_obras;unidade_gestao_obras;tipo_oleo_gestao_obras;usos;saldo_origem;erp_insumo_id;erp_codigo;erp_nome;erp_unidade;erp_categoria;metodo;confianca;observacao
mtw187q3y7b6v;ABRAÇADEIRA NYLON;un;;entradas:1,os_pecas:1,os_oleos:0;0;d44f3059-35c4-4722-ab86-7ef408deb4e8;418;ABRAÇADEIRA NYLON;un;Rancho e alojamento;nome_exato;certa;
mt0kr8dh4ybeq;ADITIVO PARA-BRISA;un;;entradas:2,os_pecas:2,os_oleos:0;0;;;;;;CRIAR;media;parecidos, sem nome igual: 995da4d8 ADITIVO LIMPA PARABRISA (un, Cimento, agregados e concreto) | sugestao: categoria Cimento, agregados e concreto (maioria dos insumos do ERP que comecam com ADITIVO), unidade un
mrmmx5u2w9bte;Aditivo Radiador Concentrado;L;Aditivo Radiador Concentrado;entradas:1,os_pecas:0,os_oleos:2;1;;;;;;CRIAR;media;parecidos, sem nome igual: 0bc3254e 1335M89 ADITIVO RADIADOR CONCENTRADO HIBRIDO (un, Cimento, agregados e concreto) | sugestao: categoria Cimento, agregados e concreto (maioria dos insumos do ERP que comecam com ADITIVO), unidade L
mrmmxmw5cfxdl;Água Desmineralizada p/ Bateria;L;Água Desmineralizada p/ Bateria;entradas:1,os_pecas:0,os_oleos:1;3;;;;;;CRIAR;alta;nenhum parecido no ERP | sugestao: categoria Limpeza e escritório (maioria dos insumos do ERP que comecam com AGUA), unidade L
ms6lctp01alpn;ANEL;un;;entradas:4,os_pecas:4,os_oleos:0;0;c1cd4ab3-c10b-4be7-bcaf-aed356d55d5c;10101;ANEL;un;Peças e componentes;nome_exato;certa;
mu1rfmqx3ds80;Arla 20 L;BD;Arla;entradas:1,os_pecas:0,os_oleos:1;0;;;;;;CRIAR;baixa;"candidato por palavra-chave (revisar; origem em BD de 20 L; o ERP tem o galao de 20 L (un, 20 L por unidade) e o Arla em litro): ee40e2b3 1335M186 ARLA - GALÃO 20 LT (un, Combustível); bb57276b ARLA 32 - LITRO (L, Combustível) | sugestao: categoria Combustível (maioria dos insumos do ERP que comecam com ARLA), unidade BD | na origem os os_oleos deste insumo foram gravados em L (modal forca L); a quantidade do OS e em balde"
mrv74zrqmk05s;ARRUELA AJUSTE;un;;entradas:1,os_pecas:1,os_oleos:0;0;;;;;;CRIAR;alta;nenhum parecido no ERP | sugestao: categoria Peças e componentes (maioria dos insumos do ERP que comecam com ARRUELA), unidade un
mubm7vwymq0jg;ARRUELA LISA 1/4;un;;entradas:1,os_pecas:1,os_oleos:0;0;;;;;;CRIAR;alta;nenhum parecido no ERP | sugestao: categoria Peças e componentes (maioria dos insumos do ERP que comecam com ARRUELA), unidade un
mrtqsostd2zk9;ARRUELA PINO MOLA;un;;entradas:1,os_pecas:1,os_oleos:0;0;;;;;;CRIAR;media;parecidos, sem nome igual: 38996ed0 134 ARRUELA DO PINO MOLA  DIANTEIRA (un, Peças e componentes) | sugestao: categoria Peças e componentes (maioria dos insumos do ERP que comecam com ARRUELA), unidade un
mt0i3xqha9r4e;ARRUELA PRESSÃO - CXP6;un;;entradas:1,os_pecas:1,os_oleos:0;0;;;;;;CRIAR;alta;nenhum parecido no ERP | sugestao: categoria Peças e componentes (maioria dos insumos do ERP que comecam com ARRUELA), unidade un
mu5zu43jnl7wj;BALANCA GUERRA ASA DELTA - PINO 50MM;un;;entradas:1,os_pecas:1,os_oleos:0;0;ad4e4015-461d-4721-af9c-3a6bdf3e84c4;;BALANÇA GUERRA ASA DELTA PINO 50MM;un;A classificar;nome_normalizado;alta;
mrnql8sn3yr9o;BARRA DIREÇÃO CURTA;un;;entradas:2,os_pecas:2,os_oleos:0;0;;;;;;CRIAR;media;"parecidos, sem nome igual: c8b4beac 1335M415 BARRA DE DIREÇÃO CURTA MB AXOR 26/44 (un, Peças e componentes) | sugestao: categoria Peças e componentes (maioria dos insumos do ERP que comecam com BARRA), unidade un | NOME DUPLICADO na origem: o outro id e mrtqshm77l0j5; os dois vao para o mesmo insumo do ERP"
mrtqshm77l0j5;BARRA DIREÇÃO CURTA;un;;entradas:0,os_pecas:0,os_oleos:0;0;;;;;;CRIAR;media;"parecidos, sem nome igual: c8b4beac 1335M415 BARRA DE DIREÇÃO CURTA MB AXOR 26/44 (un, Peças e componentes) | sugestao: categoria Peças e componentes (maioria dos insumos do ERP que comecam com BARRA), unidade un | NOME DUPLICADO na origem: o outro id e mrnql8sn3yr9o; os dois vao para o mesmo insumo do ERP | este id nao tem uso (ativo=true na origem)"
mubl49biktxk5;BASE TAMPA D6N;un;;entradas:1,os_pecas:1,os_oleos:0;0;;;;;;CRIAR;media;parecidos, sem nome igual: 8c6fce7f BASE TAMPA (un, Hidráulica) | sugestao: categoria Peças e componentes (maioria dos insumos do ERP que comecam com BASE), unidade un
mrmid29drsacd;BATERIA 100A;un;;entradas:3,os_pecas:3,os_oleos:0;0;501d8d22-bbed-4595-968d-d38b9c7cc276;514;BATERIA 100A;un;Peças e componentes;nome_exato;certa;
mrjlsq0i1pxrn;BATERIA 150A;un;;entradas:1,os_pecas:2,os_oleos:0;0;75c824f7-d69f-4ef9-a6ae-aca954ab16a9;689;BATERIA 150A;un;Peças e componentes;nome_exato;certa;
mt0kftidc7jwq;BATERIA 65A;un;;entradas:1,os_pecas:1,os_oleos:0;0;;;;;;CRIAR;media;parecidos, sem nome igual: 75c824f7 689 BATERIA 150A (un, Peças e componentes) | sugestao: categoria Peças e componentes (maioria dos insumos do ERP que comecam com BATERIA), unidade un
mskjnziw75ohi;BICO INJETOR;un;;entradas:1,os_pecas:1,os_oleos:0;0;;;;;;CRIAR;media;"parecidos, sem nome igual: 21e4c961 1335M544PE123 CHICOTE BICO INJETOR (un, Peças e componentes); 54dedbf1 1335M544PE92 BICO INJETOR CAT 0690 (un, Peças e componentes); 1e1a83ff 11134 BICO INJETOR R - 2128470 (un, Peças e componentes); aa43cc44 1075 Reparo do bico injetor (un, A classificar); d3f4e9ee 10111 BICO INJETOR - REF  320-0690 (un, Peças e componentes) | sugestao: categoria Peças e componentes (maioria dos insumos do ERP que comecam com BICO), unidade un"
msde7qbtmu0od;BLOCO DIVISOR DE FLUXO;un;;entradas:1,os_pecas:1,os_oleos:0;0;;;;;;CRIAR;alta;nenhum parecido no ERP | sugestao: categoria Ferramentas e consumíveis (maioria dos insumos do ERP que comecam com BLOCO), unidade un
mtrb4keuuuhpi;BLOCO SILENCIADOR;un;;entradas:1,os_pecas:1,os_oleos:0;0;381b9c16-20ed-429c-b7bd-74892df5a59a;;BLOCO SILENCIADOR;un;Peças e componentes;nome_exato;certa;
mr9rz4mj6muttd3;BOMBA COMBUSTÍVEL ALTA;UN;;entradas:1,os_pecas:1,os_oleos:0;0;;;;;;CRIAR;media;parecidos, sem nome igual: e2e3f94d 1335M544PE182 BOMBA COMBUSTÍVEL (un, Combustível) | sugestao: categoria Peças e componentes (maioria dos insumos do ERP que comecam com BOMBA), unidade un
mr9rz4mj7dqnpz8;BOMBA DIDRAULICA;UN;;entradas:2,os_pecas:2,os_oleos:0;0;;;;;;CRIAR;media;parecidos, sem nome igual: e482d5b8 1096 BOMBA DIREÇÃO HIDRAULICA (un, Peças e componentes) | sugestao: categoria Peças e componentes (maioria dos insumos do ERP que comecam com BOMBA), unidade un
mrzc2uzlkfsiq;BOMBINA 24V;un;;entradas:1,os_pecas:1,os_oleos:0;0;;;;;;CRIAR;alta;nenhum parecido no ERP | sugestao: categoria Peças e componentes (nenhum insumo do ERP comeca com BOMBINA), unidade un
mtrbb73gyx50v;BORDA CORTANTE RETRO 16 FUROS 3/4;un;;entradas:1,os_pecas:1,os_oleos:0;0;;;;;;CRIAR;baixa;ANTES DE CRIAR, conferir provavel par (nome quase igual): 985f3acf 1335M357 BORDA CORTANTE 16 FUROS 3/4 (un, Peças e componentes) | sugestao: categoria Peças e componentes (maioria dos insumos do ERP que comecam com BORDA), unidade un
mtrbec5za3wqa;BORDA CORTANTE T329197;un;;entradas:1,os_pecas:1,os_oleos:0;0;;;;;;CRIAR;media;"candidato por palavra-chave (revisar; borda cortante sem o codigo T329197 no ERP): 499fe5a0 BORDA CORTANTE (un, A classificar); b10639eb 389 BORDA CORTANTE MOTONIVELADORA 12H (un, Peças e componentes) | sugestao: categoria Peças e componentes (maioria dos insumos do ERP que comecam com BORDA), unidade un"
mt0i8uequ02kx;BRAÇADEIRA 320C - B8;un;;entradas:1,os_pecas:1,os_oleos:0;0;;;;;;CRIAR;alta;nenhum parecido no ERP | sugestao: categoria Peças e componentes (nenhum insumo do ERP comeca com BRACADEIRA), unidade un
mt0i8hes4c42f;BRAÇADEIRA - CXP24;un;;entradas:1,os_pecas:1,os_oleos:0;0;;;;;;CRIAR;alta;nenhum parecido no ERP | sugestao: categoria Peças e componentes (nenhum insumo do ERP comeca com BRACADEIRA), unidade un
mt0i2s7lizzn2;BRAÇADEIRA TUBO INJETOR 320C - B3;un;;entradas:1,os_pecas:1,os_oleos:0;0;;;;;;CRIAR;alta;nenhum parecido no ERP | sugestao: categoria Peças e componentes (nenhum insumo do ERP comeca com BRACADEIRA), unidade un
mt0i5orsp4tse;BRAÇADEIRA TUBO INJETOR 320C/CL - A27;un;;entradas:1,os_pecas:1,os_oleos:0;0;;;;;;CRIAR;alta;nenhum parecido no ERP | sugestao: categoria Peças e componentes (nenhum insumo do ERP comeca com BRACADEIRA), unidade un
mt0i6vgqm4gbv;BRAÇADEIRA TUBO INJETOR 320C/CL - B3;un;;entradas:1,os_pecas:1,os_oleos:0;0;;;;;;CRIAR;alta;nenhum parecido no ERP | sugestao: categoria Peças e componentes (nenhum insumo do ERP comeca com BRACADEIRA), unidade un
mr9rz4mjs724e4d;BUCHA;UN;;entradas:1,os_pecas:1,os_oleos:0;0;;;;;;CRIAR;alta;nenhum parecido no ERP | sugestao: categoria Peças e componentes (maioria dos insumos do ERP que comecam com BUCHA), unidade un
msuja8avi5blk;BUCHA, AMORTECEDOR T;un;;entradas:1,os_pecas:1,os_oleos:0;0;;;;;;CRIAR;alta;nenhum parecido no ERP | sugestao: categoria Peças e componentes (maioria dos insumos do ERP que comecam com BUCHA), unidade un
mrjltg0e5ury7;BUCHA BARRA ESTABILIZADORA;un;;entradas:2,os_pecas:2,os_oleos:0;0;;;;;;CRIAR;baixa;"ANTES DE CRIAR, conferir provavel par (nome quase igual): e8e9d284 BUCHA DA BARRA ESTABILIZADORA (un, A classificar) | outros parecidos: 59bdb50d 10005 BUCHA BARRA ESTABILIZADORA DIANTEIR (un, Peças e componentes); 97dabc65 960 BIELETA BARRA ESTABILIZADORA (un, Peças e componentes); 488aee3e 1078 BUCHA DO ESTABILIZADOR (un, Peças e componentes); 4ac60d3e 369 BUCHA BARRA ESTABILIZADORA GOL FOX 1.0 POLO (vb, Peças e componentes) | sugestao: categoria Peças e componentes (maioria dos insumos do ERP que comecam com BUCHA), unidade un"
mrv74orzx3owx;BUCHA MOLA DIANTEIRA;un;;entradas:1,os_pecas:1,os_oleos:0;0;;;;;;CRIAR;media;parecidos, sem nome igual: 21db8b29 133 BUCHA DA MOLA  DIANTEIRA(BRONZE) (un, Peças e componentes) | sugestao: categoria Peças e componentes (maioria dos insumos do ERP que comecam com BUCHA), unidade un
mtratny92s36u;CABEÇOTE DO FILTRO DIESEL;un;;entradas:1,os_pecas:1,os_oleos:0;0;;;;;;CRIAR;alta;nenhum parecido no ERP | sugestao: categoria Peças e componentes (maioria dos insumos do ERP que comecam com CABECOTE), unidade un
mtlqnyoq4vpz9;CABO ACIONAMENTO BOMBA E TOMADA FORÇA BASCULANTE;un;;entradas:1,os_pecas:1,os_oleos:0;0;e43edf0c-dc66-4179-a233-b0a8722f2d93;;CABO ACIONAMENTO BOMBA E TOMADA FORÇA BASCULANTE;un;Peças e componentes;nome_exato;certa;
ms94nxi05f5o0;CABO FLEXÍVEL PP;m;;entradas:1,os_pecas:1,os_oleos:0;0;;;;;;CRIAR;alta;nenhum parecido no ERP | sugestao: categoria Elétrica (maioria dos insumos do ERP que comecam com CABO), unidade m
mu5j7wvhj68pi;CACHORRETE CHAVETA;un;;entradas:1,os_pecas:1,os_oleos:0;0;;;;;;CRIAR;media;"candidato por palavra-chave (revisar; chaveta): 519fdeef 1335M544PE252 CHAVETA (un, Peças e componentes) | sugestao: categoria Peças e componentes (nenhum insumo do ERP comeca com CACHORRETE), unidade un"
mrl89kubtlq6s;CAMARA DE AR;un;;entradas:4,os_pecas:4,os_oleos:0;0;b0e582e7-c544-4748-b3e7-5d29e1afa6da;10252;CÂMARA DE AR;un;Pneus e câmaras;nome_normalizado;alta;
mtrab1h4rrvkv;CAMARA DE AR ARO 13/14 - 175/70R;un;;entradas:1,os_pecas:1,os_oleos:0;0;;;;;;CRIAR;media;"candidato por palavra-chave (revisar; camara de ar generica): b0e582e7 10252 CÂMARA DE AR (un, Pneus e câmaras) | sugestao: categoria Pneus e câmaras (maioria dos insumos do ERP que comecam com CAMARA), unidade un"
mskivaaqsxyxy;CAMARA FREIO SPRING BRAKE CUICA EMERGENCIA HASTEL LONGA 30X30;un;;entradas:1,os_pecas:1,os_oleos:0;0;;;;;;CRIAR;alta;nenhum parecido no ERP | sugestao: categoria Pneus e câmaras (maioria dos insumos do ERP que comecam com CAMARA), unidade un
ms6lbpmtlphqo;CARTRIDGE FUEL SYST;un;;entradas:3,os_pecas:3,os_oleos:0;0;54a1f5cf-2e1e-4192-9c14-fa393212d514;1335M544PE187;CARTRIDGE,FUEL SYST;un;Peças e componentes;nome_normalizado;alta;
ms6m48z3ehi98;CHAPA DE FERRO;un;;entradas:1,os_pecas:1,os_oleos:0;0;;;;;;CRIAR;media;"parecidos, sem nome igual: ceed21a0 1335M141 CHAPA GERDAU FERRO LQ A36 3/16  1,50X6MT 175KG (h, Peças e componentes) | sugestao: categoria Peças e componentes (maioria dos insumos do ERP que comecam com CHAPA), unidade un | unica peca do Deposito Central (Silo) mpah58owqqm1a: 1 entrada de 1 un R$ 450,00 em 30/07 e 1 os_pecas na OS-2026-0061 (R$ 450,00); saldo 0"
mst16ecdzecou;CHAPA PLASTICA LAMINADA - FORRO;un;;entradas:1,os_pecas:3,os_oleos:0;0;;;;;;CRIAR;alta;nenhum parecido no ERP | sugestao: categoria Peças e componentes (maioria dos insumos do ERP que comecam com CHAPA), unidade un
mt0l5u6gkxw0c;CHICOTE ETE7599;un;;entradas:1,os_pecas:1,os_oleos:0;0;;;;;;CRIAR;media;parecidos, sem nome igual: 75cb104b 1335M544PE66 CHICOTE ETE7725 (un, Peças e componentes) | sugestao: categoria Peças e componentes (maioria dos insumos do ERP que comecam com CHICOTE), unidade un
mt0l6e0rwk8dm;CHICOTE ETE7690;un;;entradas:1,os_pecas:1,os_oleos:0;0;;;;;;CRIAR;media;parecidos, sem nome igual: 75cb104b 1335M544PE66 CHICOTE ETE7725 (un, Peças e componentes) | sugestao: categoria Peças e componentes (maioria dos insumos do ERP que comecam com CHICOTE), unidade un
mtrdiyew43ovv;CILINDRO AUXILIAR EMBREAGEM;un;;entradas:1,os_pecas:1,os_oleos:0;0;;;;;;CRIAR;baixa;ANTES DE CRIAR, conferir provavel par (nome quase igual): 5f4cd5b9 421 CILINDRO AUXILIAR DE EMBREAGEM (un, Equipe própria) | sugestao: categoria Peças e componentes (nenhum insumo do ERP comeca com CILINDRO), unidade un
mt7h7obzbkozp;COMPRESSOR DE AR;un;;entradas:1,os_pecas:1,os_oleos:0;0;;;;;;CRIAR;media;parecidos, sem nome igual: 77b85a48 114 COMPRESSOR DE AR 352CC (un, Peças e componentes) | sugestao: categoria Peças e componentes (maioria dos insumos do ERP que comecam com COMPRESSOR), unidade un
mr9rz4mjxn8mec2;CONJUNTO APU S/VALVULA PROTETORA;UN;;entradas:2,os_pecas:2,os_oleos:0;0;;;;;;CRIAR;media;"candidato por palavra-chave (revisar; APU): 5a42c168 1335M544PE1 UNIDADE TRAT AR APU AXOR ATEGO (un, Peças e componentes) | sugestao: categoria Peças e componentes (maioria dos insumos do ERP que comecam com CONJUNTO), unidade un"
ms6ldxymd7tvi;CONJUNTO DE VEDAÇÕES FILTRO;un;;entradas:2,os_pecas:2,os_oleos:0;0;;;;;;CRIAR;alta;nenhum parecido no ERP | sugestao: categoria Peças e componentes (maioria dos insumos do ERP que comecam com CONJUNTO), unidade un
mskj018f6b5rs;CONJUNTO FILTRO COMBUSTIVEL CABEÇOTE C/ COPO;un;;entradas:1,os_pecas:1,os_oleos:0;0;;;;;;CRIAR;alta;nenhum parecido no ERP | sugestao: categoria Peças e componentes (maioria dos insumos do ERP que comecam com CONJUNTO), unidade un
ms0gaunv99zv5;CONJUNTO LUBRIFICANTE;un;;entradas:3,os_pecas:3,os_oleos:0;0;57ffa182-33dd-4972-b55b-38df8dd5a661;456;CONJUNTO LUBRIFICANTE;un;Lubrificantes e graxas;nome_exato;certa;
mr9rz4mjsfalf56;CORREIA 79K1530;UN;;entradas:1,os_pecas:1,os_oleos:0;0;;;;;;CRIAR;media;"parecidos, sem nome igual: 9aabcdf7 179 CORREIA 9PK 1560 (un, Peças e componentes); 73551dc0 1335M365 CORREIA 8PK1370 (un, Peças e componentes); 94155510 1335M453 CORREIA 8PK1750 (un, Peças e componentes) | sugestao: categoria Peças e componentes (maioria dos insumos do ERP que comecam com CORREIA), unidade un"
mr9rz4mj4lg1qwx;CORREIA 89K1625;UN;;entradas:1,os_pecas:1,os_oleos:0;0;;;;;;CRIAR;media;"parecidos, sem nome igual: cc9cdc0b 10165 CORREIA 8PK1420 (un, Peças e componentes); 94155510 1335M453 CORREIA 8PK1750 (un, Peças e componentes); fff28097 1335M312 CORREIA 8PK1852 (un, Peças e componentes) | sugestao: categoria Peças e componentes (maioria dos insumos do ERP que comecam com CORREIA), unidade un"
mt3c8spjja4oq;CORREIA DO ALTERNADOR;un;;entradas:1,os_pecas:1,os_oleos:0;0;27eb7884-cea1-4303-9855-cea7688faa1e;;CORREIA DO ALTERNADOR;un;A classificar;nome_exato;certa;
mrjltpyf0q2bg;COXIM DO TAMBOR;un;;entradas:1,os_pecas:1,os_oleos:0;0;c34a7b55-e290-4519-823f-791680ddc988;684;COXIM DO TAMBOR;un;Peças e componentes;nome_exato;certa;
mr9rz4mjepg7nrz;COXIM MOTOR LADO DIREITO;UN;;entradas:2,os_pecas:2,os_oleos:0;0;;;;;;CRIAR;alta;nenhum parecido no ERP | sugestao: categoria Peças e componentes (maioria dos insumos do ERP que comecam com COXIM), unidade un
mt0k7kasgzu5a;CUICA DUPLA 16X24;un;;entradas:1,os_pecas:1,os_oleos:0;0;;;;;;CRIAR;media;"candidato por palavra-chave (revisar; mesma medida 16X24 em outro tipo, ou dupla em outra medida): dbda3917 1335M544PE25 CUICA PINÇA FREIO DISCO 16X24 MB (un, Peças e componentes); 81ea53f4 760 CUICA DUPLA 30X30 (un, Peças e componentes) | sugestao: categoria Peças e componentes (maioria dos insumos do ERP que comecam com CUICA), unidade un"
mr9fb6jyozvjj;CUICA DUPLA 30X30;un;;entradas:1,os_pecas:1,os_oleos:0;0;81ea53f4-7cf3-47cc-8a81-1aed12d9a5bc;760;CUICA DUPLA 30X30;un;Peças e componentes;nome_exato;certa;
mtrb1mcfzjzkj;DENTE AM AÇO FUNDIDO;un;;entradas:1,os_pecas:1,os_oleos:0;0;;;;;;CRIAR;baixa;"candidato por palavra-chave (revisar; AM x EM parece erro de digitacao): c8270e4e DENTE EM AÇO FUNDIDO ESCAVADEIRA (un, A classificar) | sugestao: categoria Peças e componentes (maioria dos insumos do ERP que comecam com DENTE), unidade un"
mrxwcmhnw2foi;DESLIZANTE ESFREGA MOVEL GUERRA 2003;un;;entradas:1,os_pecas:1,os_oleos:0;0;;;;;;CRIAR;media;"candidato por palavra-chave (revisar; deslizante Guerra): 9dc94c21 DESLIZANTE CARRETA GUERRA DT/TR (un, Manutenção e serviços) | sugestao: categoria Peças e componentes (nenhum insumo do ERP comeca com DESLIZANTE), unidade un"
ms950bo5m5jtf;DIAFRAGMA CUICA;un;;entradas:2,os_pecas:3,os_oleos:0;0;;;;;;CRIAR;baixa;ANTES DE CRIAR, conferir provavel par (nome quase igual): 066f8e6e 55 Diafragma da cuica (un, Peças e componentes) | sugestao: categoria Peças e componentes (maioria dos insumos do ERP que comecam com DIAFRAGMA), unidade un
mskjn41f4o7ja;ELEMENTO 1W6541;un;;entradas:1,os_pecas:1,os_oleos:0;0;;;;;;CRIAR;alta;nenhum parecido no ERP | sugestao: categoria Filtros (maioria dos insumos do ERP que comecam com ELEMENTO), unidade un
mt7qbhtg9vxvc;ELEMENTO DE FILTRO;un;;entradas:1,os_pecas:1,os_oleos:0;0;;;;;;CRIAR;baixa;"ANTES DE CRIAR, conferir provavel par (nome quase igual): 70dc87a0 1335M361 ELEMENTO FILTRO DE A (un, Filtros) | outros parecidos: eb6b6c17 1335M360 ELEMENTO FILTRO D (un, Filtros); 0563a440 451 ELEMENTO DO FILTRO DIESEL (un, Combustível); 5d54b427 452 ELEMENTO FILTRO DE  AR CABINE (un, Filtros); fbc5b3e3 1335M485 FILTRO ELEMENTO (un, Filtros) | sugestao: categoria Filtros (maioria dos insumos do ERP que comecam com ELEMENTO), unidade un"
ms0g8iy2y9al2;ELEMENTO DO FILTRO D;un;;entradas:2,os_pecas:2,os_oleos:0;0;;;;;;CRIAR;baixa;"ANTES DE CRIAR, conferir provavel par (nome quase igual): eb6b6c17 1335M360 ELEMENTO FILTRO D (un, Filtros) | outros parecidos: 0563a440 451 ELEMENTO DO FILTRO DIESEL (un, Combustível); 70dc87a0 1335M361 ELEMENTO FILTRO DE A (un, Filtros) | sugestao: categoria Filtros (maioria dos insumos do ERP que comecam com ELEMENTO), unidade un"
msuj9dsxti97b;ELEMENTO, FILTRO DE;un;;entradas:1,os_pecas:1,os_oleos:0;0;;;;;;CRIAR;baixa;"ANTES DE CRIAR, conferir provavel par (nome quase igual): 70dc87a0 1335M361 ELEMENTO FILTRO DE A (un, Filtros); eb6b6c17 1335M360 ELEMENTO FILTRO D (un, Filtros) | outros parecidos: 0563a440 451 ELEMENTO DO FILTRO DIESEL (un, Combustível); 5d54b427 452 ELEMENTO FILTRO DE  AR CABINE (un, Filtros); fbc5b3e3 1335M485 FILTRO ELEMENTO (un, Filtros) | sugestao: categoria Filtros (maioria dos insumos do ERP que comecam com ELEMENTO), unidade un"
ms0gb2po0573p;ELEMENTO FILTRO DE A;un;;entradas:2,os_pecas:2,os_oleos:0;0;70dc87a0-3b1d-48e3-af84-ed1491df7b24;1335M361;ELEMENTO FILTRO DE A;un;Filtros;nome_exato;certa;
ms6leeznztsg4;ELEMENTO FILTRO OLEO;un;;entradas:3,os_pecas:3,os_oleos:0;0;;;;;;CRIAR;media;"parecidos, sem nome igual: eb6b6c17 1335M360 ELEMENTO FILTRO D (un, Filtros); 70dc87a0 1335M361 ELEMENTO FILTRO DE A (un, Filtros) | sugestao: categoria Filtros (maioria dos insumos do ERP que comecam com ELEMENTO), unidade un"
mr9rz4mjd77l2e0;EMBREAGEM ELETRO MAGNETICA RADIADOR;UN;;entradas:1,os_pecas:1,os_oleos:0;0;;;;;;CRIAR;media;"candidato por palavra-chave (revisar; embreagem do radiador, mas viscosa x eletromagnetica): e0583c67 1184 EMBREAGEM VISCOSA RADIADOR (un, Peças e componentes) | sugestao: categoria Peças e componentes (maioria dos insumos do ERP que comecam com EMBREAGEM), unidade un"
msnpwnipdnmzq;ENGATE RÁPIDO 1/2 MM;un;;entradas:1,os_pecas:1,os_oleos:0;0;;;;;;CRIAR;baixa;"ANTES DE CRIAR, conferir provavel par (nome quase igual): 80098042 10043 ENGATE RAPIDO 12MM (un, Peças e componentes) | outros parecidos: 17159059 10044 ENGATE RAPIDO 10MM (un, Peças e componentes); 5722769d 1290 ENGATE RAPIDO 6 MM (un, Peças e componentes); 93e5fcd7 1289 ENGATE RAPIDO 8 MM (un, Peças e componentes) | sugestao: categoria Hidráulica (maioria dos insumos do ERP que comecam com ENGATE), unidade un"
mskjzshig0ylt;ESPELHO RETROVISOR;un;;entradas:1,os_pecas:1,os_oleos:0;0;;;;;;CRIAR;media;"candidato por palavra-chave (revisar; retrovisor): f8eca904 259 RETROVISOR EXTERNO (un, Peças e componentes) | sugestao: categoria Elétrica (maioria dos insumos do ERP que comecam com ESPELHO), unidade un"
ms7mlj0k348zj;FAROL;un;;entradas:2,os_pecas:2,os_oleos:0;0;;;;;;CRIAR;media;"candidato por palavra-chave (revisar; farol sem lado na origem): 4fa52cb9 1335M544PE69 FAROL AUXILIAR (un, Equipe própria); 50c45dd4 1335M544PE70 FAROL DIREITO (un, A classificar); 0004f7fa 1335M105 FAROL ESQUERDO (un, Peças e componentes) | sugestao: categoria Peças e componentes (maioria dos insumos do ERP que comecam com FAROL), unidade un"
mt0km78zl8rsd;FILTRO;un;;entradas:2,os_pecas:1,os_oleos:0;0;;;;;;CRIAR;alta;nenhum parecido no ERP | sugestao: categoria Filtros (maioria dos insumos do ERP que comecam com FILTRO), unidade un
mt0kmcnf2d382;FILTRO CARVÃO;un;;entradas:1,os_pecas:1,os_oleos:0;0;;;;;;CRIAR;alta;nenhum parecido no ERP | sugestao: categoria Filtros (maioria dos insumos do ERP que comecam com FILTRO), unidade un
msnq3jwdedpu4;FILTRO COMBUSTIVEL;un;;entradas:7,os_pecas:7,os_oleos:0;0;b29b9779-a5de-4b3e-89c4-3561b98ba7b1;6062;Filtro Combustivel;un;Combustível;nome_normalizado;alta;
mu1c196k8xb86;FILTRO COMBUSTÍVEL 1R-0751;un;;entradas:1,os_pecas:1,os_oleos:0;0;;;;;;CRIAR;baixa;"ANTES DE CRIAR, conferir provavel par (nome quase igual): 92f9fa58 10059 FILTRO DE COMBUSTÍVEL 1R0751 (un, Combustível) | outros parecidos: ce91d5f2 10058 FILTRO DE COMBUSTÍVEL 1R0750 (un, Combustível); b29b9779 6062 Filtro Combustivel (un, Combustível); d254e4d2 148 FILTRO COMBUSTIVEL CAT PSC745 (un, Combustível); 7b1bb581 959 FILTRO COMBUSTIVEL MOTOR (un, Combustível) | sugestao: categoria Filtros (maioria dos insumos do ERP que comecam com FILTRO), unidade un"
mtlqdzyy09qsw;FILTRO COMBUSTÍVEL 6QE201511C;un;;entradas:1,os_pecas:1,os_oleos:0;0;;;;;;CRIAR;alta;nenhum parecido no ERP | sugestao: categoria Filtros (maioria dos insumos do ERP que comecam com FILTRO), unidade un
ms3cmbjdzusb1;FILTRO COMBUSTÍVEL CAT;un;;entradas:1,os_pecas:1,os_oleos:0;0;;;;;;CRIAR;baixa;"ANTES DE CRIAR, conferir provavel par (nome quase igual): b29b9779 6062 Filtro Combustivel (un, Combustível) | outros parecidos: b52514ea 444 FILTRO COMBUSTIVEL BOSCH (un, Combustível); 7b1bb581 959 FILTRO COMBUSTIVEL MOTOR (un, Combustível); d254e4d2 148 FILTRO COMBUSTIVEL CAT PSC745 (un, Combustível); ace2dfdc 1335M544PE232 FILTRO COMBUSTIVEL CATERPILLAR (un, Combustível) | sugestao: categoria Filtros (maioria dos insumos do ERP que comecam com FILTRO), unidade un"
ms6lex7eotvmt;FILTRO COMBUSTIVEL ELEMENTO;un;;entradas:3,os_pecas:3,os_oleos:0;0;;;;;;CRIAR;media;"parecidos, sem nome igual: 7b1bb581 959 FILTRO COMBUSTIVEL MOTOR (un, Combustível); dd62d448 10294 FILTRO COMBUSTIVEL SEDIMENTADOR (un, Combustível); b29b9779 6062 Filtro Combustivel (un, Combustível) | sugestao: categoria Filtros (maioria dos insumos do ERP que comecam com FILTRO), unidade un"
mrml7sx192s80;Filtro Combustível - PSD960/1;un;;entradas:1,os_pecas:1,os_oleos:0;0;;;;;;CRIAR;media;parecidos, sem nome igual: b29b9779 6062 Filtro Combustivel (un, Combustível) | sugestao: categoria Filtros (maioria dos insumos do ERP que comecam com FILTRO), unidade un
ms7meh6ljhwpg;FILTRO COMBUSTÍVEL RACOL C/ CABEÇOTE;un;;entradas:3,os_pecas:2,os_oleos:0;1;;;;;;CRIAR;alta;nenhum parecido no ERP | sugestao: categoria Filtros (maioria dos insumos do ERP que comecam com FILTRO), unidade un
mtrak5entcglh;FILTRO DE AR DO MOTOR;un;;entradas:1,os_pecas:1,os_oleos:0;0;6b12b887-c07e-4f37-a987-820addca76a5;568;FILTRO DE AR DO MOTOR;un;Filtros;nome_exato;certa;
ms955ierntucn;FILTRO DE AR EXTERNO;un;;entradas:1,os_pecas:1,os_oleos:0;0;f1c268e4-4a29-42da-8a42-e89885fd8c4f;287;FILTRO DE AR EXTERNO;un;Filtros;nome_exato;certa;
ms955nb7r3jr9;FILTRO DE AR INTERNO;un;;entradas:1,os_pecas:1,os_oleos:0;0;a460ec14-46ca-49ca-8e8b-0a4aa1e72861;288;FILTRO DE AR INTERNO;un;Filtros;nome_exato;certa;
mr9rz4mj5g5gpqf;FILTRO DE AR INTERNO E EXTERNO;UN;;entradas:2,os_pecas:2,os_oleos:0;0;;;;;;CRIAR;media;"parecidos, sem nome igual: f1c268e4 287 FILTRO DE AR EXTERNO (un, Filtros); a460ec14 288 FILTRO DE AR INTERNO (un, Filtros) | sugestao: categoria Filtros (maioria dos insumos do ERP que comecam com FILTRO), unidade un"
mt7q8bw45lpue;FILTRO DE AR PRIMARIO;un;;entradas:1,os_pecas:1,os_oleos:0;0;ccfe45ee-c21d-4bfb-ae3f-5c1e110e6133;581;FILTRO DE AR PRIMARIO;un;Filtros;nome_exato;certa;
mt7q8k8upzhkd;FILTRO DE AR SECUNDARIO;un;;entradas:1,os_pecas:1,os_oleos:0;0;5b3338c3-ba5e-49d4-bd68-145b1868ac6c;692;FILTRO DE AR SECUNDÁRIO;un;Filtros;nome_normalizado;alta;
mskj7d3wbzlga;FILTRO DE ARLA;un;;entradas:1,os_pecas:1,os_oleos:0;0;;;;;;CRIAR;media;parecidos, sem nome igual: 98b398d7 315 FILTRO DE PAPEL (un, Filtros) | sugestao: categoria Filtros (maioria dos insumos do ERP que comecam com FILTRO), unidade un
mtrajslvf76fg;FILTRO DE CABINE;un;;entradas:1,os_pecas:1,os_oleos:0;0;e2e04ddd-41c4-4dbd-a24d-023650a5df10;;FILTRO DE CABINE;un;A classificar;nome_exato;certa;
mtrakefmi514l;FILTRO DE DIESEL;un;;entradas:1,os_pecas:1,os_oleos:0;0;;;;;;CRIAR;baixa;ANTES DE CRIAR, conferir provavel par (nome quase igual): 901170bf 279 FILTRO DIESEL (un, Combustível) | outros parecidos: 0563a440 451 ELEMENTO DO FILTRO DIESEL (un, Combustível) | sugestao: categoria Filtros (maioria dos insumos do ERP que comecam com FILTRO), unidade un
ms0ga0fhzodh5;FILTRO DE OLEO;un;;entradas:4,os_pecas:4,os_oleos:0;0;;;;;;nome_exato;baixa;"NAO ESCOLHIDO: 2 insumos do ERP com o mesmo nome normalizado: 527df413 454 FILTRO DE OLEO (un, Lubrificantes e graxas); d3e2025b 1R0739 Filtro de Óleo (un, Lubrificantes e graxas)"
mr9rz4mj45hfmcy;FILTRO HIDRAULICO;UN;;entradas:2,os_pecas:2,os_oleos:0;0;9b6927af-3086-4dee-90fc-093b63378925;149;FILTRO HIDRAULICO;un;Filtros;nome_exato;certa;
mr9rz4mj5x3ew3a;FILTRO HIDRAULICO/TRANSMISSÃO;UN;;entradas:1,os_pecas:1,os_oleos:0;0;;;;;;CRIAR;media;parecidos, sem nome igual: ec1e7793 1335M544PE61 FILTRO DE TRANSMISSÃO (un, Filtros) | sugestao: categoria Filtros (maioria dos insumos do ERP que comecam com FILTRO), unidade un
mtlqh84yz8q28;FILTRO JZZ129620M;un;;entradas:1,os_pecas:1,os_oleos:0;0;8c26b257-5f4e-47d5-8df3-f2cbb6827018;;FILTRO JZZ129620M;un;A classificar;nome_exato;certa;
mtlqh2jtqqiof;FILTRO jzz819653;un;;entradas:1,os_pecas:1,os_oleos:0;0;0eb9cb77-c9a0-4e23-9ec9-2dbde564d745;;FILTRO jzz819653;un;A classificar;nome_exato;certa;
msp9ghnseadrv;FILTRO LUBRIFICANTE;un;;entradas:4,os_pecas:4,os_oleos:0;0;b1eb1fab-7135-4e13-9214-b74f8a0d587c;583;FILTRO LUBRIFICANTE;un;Lubrificantes e graxas;nome_exato;certa;
ms3cmshgcekvs;FILTRO LUBRIFICANTE CAT;un;;entradas:1,os_pecas:1,os_oleos:0;0;;;;;;CRIAR;baixa;ANTES DE CRIAR, conferir provavel par (nome quase igual): b1eb1fab 583 FILTRO LUBRIFICANTE (un, Lubrificantes e graxas) | outros parecidos: b0762198 1335M178 FILTRO LUBRIFICANTE MOTOR JCB (un, Lubrificantes e graxas) | sugestao: categoria Filtros (maioria dos insumos do ERP que comecam com FILTRO), unidade un
mt0kucqdjzu4c;FILTRO ÓLEO;un;;entradas:1,os_pecas:1,os_oleos:0;0;;;;;;CRIAR;baixa;"ANTES DE CRIAR, conferir provavel par (nome quase igual): 527df413 454 FILTRO DE OLEO (un, Lubrificantes e graxas); d3e2025b 1R0739 Filtro de Óleo (un, Lubrificantes e graxas) | outros parecidos: 7d35ad8d 1094 FILTRO OLEO HIDRAULICO (un, Lubrificantes e graxas); 5134cf80 961 FILTRO OLEO LUBRIFICANTE MOTOR (un, Lubrificantes e graxas); ec19c2b9 10295 FILTRO OLEO LUBRIFICANTE MOTOR (un, Lubrificantes e graxas); 1b884035 1335M544PE233 FILTRO OLEO BLINDADO CATERPILLAR/VOLVO (un, Lubrificantes e graxas) | sugestao: categoria Filtros (maioria dos insumos do ERP que comecam com FILTRO), unidade un"
mtlqdim08p98r;FILTRO OLEO 04E115561L;un;;entradas:1,os_pecas:1,os_oleos:0;0;;;;;;CRIAR;alta;nenhum parecido no ERP | sugestao: categoria Filtros (maioria dos insumos do ERP que comecam com FILTRO), unidade un
mtreeu8rgcg7b;FILTRO OLEO HIDRAULICO WOH500;un;;entradas:1,os_pecas:1,os_oleos:0;0;;;;;;CRIAR;media;parecidos, sem nome igual: 7d35ad8d 1094 FILTRO OLEO HIDRAULICO (un, Lubrificantes e graxas) | sugestao: categoria Filtros (maioria dos insumos do ERP que comecam com FILTRO), unidade un
mu4i335qm31rn;FILTRO OLEO LUBRIFICANTE MOTOR - SAVEIRO;un;;entradas:1,os_pecas:1,os_oleos:0;0;;;;;;CRIAR;media;"parecidos, sem nome igual: 5134cf80 961 FILTRO OLEO LUBRIFICANTE MOTOR (un, Lubrificantes e graxas); ec19c2b9 10295 FILTRO OLEO LUBRIFICANTE MOTOR (un, Lubrificantes e graxas) | sugestao: categoria Filtros (maioria dos insumos do ERP que comecam com FILTRO), unidade un"
ms3cnmiso1brm;FILTRO RESPIRO CARTER;un;;entradas:1,os_pecas:1,os_oleos:0;0;;;;;;CRIAR;alta;nenhum parecido no ERP | sugestao: categoria Filtros (maioria dos insumos do ERP que comecam com FILTRO), unidade un
ms3co3fgcaujq;FILTRO SEPARADOR ÁGUA CAT;un;;entradas:1,os_pecas:1,os_oleos:0;0;;;;;;CRIAR;media;"candidato por palavra-chave (revisar; separador de agua): 63c86af2 1335M86 CONJUNTO FILTRO SEPARADOR D'ÁGUA (un, Filtros) | sugestao: categoria Filtros (maioria dos insumos do ERP que comecam com FILTRO), unidade un"
mr9rz4mjz2ql3q0;FILTRO TRANSMISSÃO;UN;;entradas:2,os_pecas:2,os_oleos:0;0;;;;;;CRIAR;baixa;ANTES DE CRIAR, conferir provavel par (nome quase igual): ec1e7793 1335M544PE61 FILTRO DE TRANSMISSÃO (un, Filtros) | sugestao: categoria Filtros (maioria dos insumos do ERP que comecam com FILTRO), unidade un
msuj2xlc6i0qj;FLUIDO, FREIO;un;;entradas:1,os_pecas:1,os_oleos:0;0;;;;;;CRIAR;media;"candidato por palavra-chave (revisar; fluido de freio; o texto nao diz DOT 4): 43248118 226 DOT 4 - FLUIDO PARA FREIOS (un, Lubrificantes e graxas) | sugestao: categoria Peças e componentes (nenhum insumo do ERP comeca com FLUIDO), unidade un"
mst10w5rjgnq5;GRAMPO MOLA;un;;entradas:1,os_pecas:1,os_oleos:0;0;;;;;;CRIAR;media;"parecidos, sem nome igual: b98b50c4 1208 GRAMPO DE MOLA 18x82x350 (un, Aço, ferragens e fixação); 700f903e 272 GRAMPO DE MOLA TRASSEIRO (un, Peças e componentes); d13411dd 1335M187 GUIA/ESPAÇADOR GRAMPO MOLA (un, Peças e componentes) | sugestao: categoria Aço, ferragens e fixação (maioria dos insumos do ERP que comecam com GRAMPO), unidade un"
mtj7ofx7yu11m;GRAXA BALDE MARFAK MP2 20KG;BD;Graxa;entradas:1,os_pecas:0,os_oleos:1;2;;;;;;CRIAR;media;"parecidos, sem nome igual: 4226eeff 1335M309 GRAXA MARFAK MP2 1KG (un, Lubrificantes e graxas) | sugestao: categoria Lubrificantes e graxas (maioria dos insumos do ERP que comecam com GRAXA), unidade BD | na origem os os_oleos deste insumo foram gravados em L (modal forca L); a quantidade do OS e em balde"
mrv758f2qkgks;GRAXEIRA;un;;entradas:1,os_pecas:1,os_oleos:0;0;0d527180-86c3-4cbd-b4e6-8c2c9ef61e69;10283;GRAXEIRA;un;Peças e componentes;nome_exato;certa;
msuj72eijz6ao;HIGIENIZADOR FILTRO;un;;entradas:1,os_pecas:1,os_oleos:0;0;f0506453-4eae-4855-ad7a-5bd682596a3b;1335M363;HIGIENIZADOR FILTRO;un;Filtros;nome_exato;certa;
mrzc30d40jlb4;INDUZIDO 24V;un;;entradas:1,os_pecas:1,os_oleos:0;0;;;;;;CRIAR;media;parecidos, sem nome igual: 8c888089 159 INDUZIDO CAT M.P DENSO 24V (un, Peças e componentes) | sugestao: categoria Peças e componentes (maioria dos insumos do ERP que comecam com INDUZIDO), unidade un
ms941rpn9s47s;JOGO CABO VELA IGNIÇÃO MOTOR;un;;entradas:1,os_pecas:1,os_oleos:0;0;;;;;;CRIAR;media;"candidato por palavra-chave (revisar; cabo de vela): 72f0992d 688 CABO VELA (un, Peças e componentes) | sugestao: categoria Peças e componentes (maioria dos insumos do ERP que comecam com JOGO), unidade un"
mubmu497l5mz4;JOGO CONEXÕES E MANGUEIRAS 320C - 2128606;un;;entradas:1,os_pecas:1,os_oleos:0;0;551ef61a-81ed-45fc-beb1-13ccb673aa3a;;JOGO CONEXÕES E MANGUEIRAS 320C -  2128606;un;Hidráulica;nome_normalizado;alta;
mskhtfil3ffyn;JOGO JUNTA TAMPA DE VALVULA;un;;entradas:1,os_pecas:1,os_oleos:0;0;;;;;;CRIAR;media;"parecidos, sem nome igual: e16a2ad4 1335M530 JUNTA DA TAMPA DE VALVULA (un, Peças e componentes); e8f493c7 10007 JUNTA TAMPA DE VÁLVULA D6N (un, Peças e componentes) | sugestao: categoria Peças e componentes (maioria dos insumos do ERP que comecam com JOGO), unidade un"
mskjoaui63pyd;JOGO REPARO 6V4780;un;;entradas:1,os_pecas:1,os_oleos:0;0;;;;;;CRIAR;alta;nenhum parecido no ERP | sugestao: categoria Peças e componentes (maioria dos insumos do ERP que comecam com JOGO), unidade un
mt3cg0ovvnv9a;JOGO SAPATA DE FREIO;un;;entradas:1,os_pecas:1,os_oleos:0;0;;;;;;CRIAR;media;"candidato por palavra-chave (revisar; sapata de freio): 5a9d7e53 459 KIT DA SAPATA DE FREIO PAR (un, Peças e componentes) | sugestao: categoria Peças e componentes (maioria dos insumos do ERP que comecam com JOGO), unidade un"
msuj4k8uq8mdy;JUNTA, AÇO, DRENO C;un;;entradas:1,os_pecas:1,os_oleos:0;0;b99bfc8f-6b44-4c24-b8dc-dc9091643442;1335M231;JUNTA,  ACO, DRENO C;un;A classificar;nome_normalizado;alta;
ms0g975ebjrhg;JUNTA DE ALUMINIO;un;;entradas:3,os_pecas:2,os_oleos:0;0;;;;;;CRIAR;baixa;ANTES DE CRIAR, conferir provavel par (nome quase igual): aa24e2f1 453 JUNTA DE ALUMINIO DO (un, Peças e componentes) | sugestao: categoria Peças e componentes (maioria dos insumos do ERP que comecam com JUNTA), unidade un
msuj59prwrkpd;JUNTA DE VEDAÇÃO;un;;entradas:1,os_pecas:1,os_oleos:0;0;;;;;;CRIAR;media;parecidos, sem nome igual: 3c944285 11124 Jogo de junta de vedação  FR220/FS160/220/280 (un, Ferramentas e consumíveis) | sugestao: categoria Peças e componentes (maioria dos insumos do ERP que comecam com JUNTA), unidade un
mubl3srqzvx4d;JUNTA TAMPA VALVULA D6N 3681A065;un;;entradas:1,os_pecas:1,os_oleos:0;0;;;;;;CRIAR;baixa;"candidato por palavra-chave (revisar; mesma peca, a origem acrescenta o numero): e8f493c7 10007 JUNTA TAMPA DE VÁLVULA D6N (un, Peças e componentes) | sugestao: categoria Peças e componentes (maioria dos insumos do ERP que comecam com JUNTA), unidade un"
mt7q9z06vcww1;KIT DO REPARO CILINDRO HIDRAULICO;un;;entradas:1,os_pecas:1,os_oleos:0;0;;;;;;CRIAR;media;"candidato por palavra-chave (revisar; kit de cilindro hidraulico com numero no ERP): e5f758e1 KIT RETENTOR CILINDRO HIDRAULICO - 7003603 (un, Hidráulica); 240b7622 KIT RETENTOR CILINDRO HIDRAULICO - 7003606 (un, Hidráulica) | sugestao: categoria Peças e componentes (maioria dos insumos do ERP que comecam com KIT), unidade un | NOME DUPLICADO na origem: o outro id e mt7qko243gdhh; os dois vao para o mesmo insumo do ERP"
mt7qko243gdhh;KIT DO REPARO CILINDRO HIDRAULICO;un;;entradas:0,os_pecas:0,os_oleos:0;0;;;;;;CRIAR;media;"candidato por palavra-chave (revisar; kit de cilindro hidraulico com numero no ERP): e5f758e1 KIT RETENTOR CILINDRO HIDRAULICO - 7003603 (un, Hidráulica); 240b7622 KIT RETENTOR CILINDRO HIDRAULICO - 7003606 (un, Hidráulica) | sugestao: categoria Peças e componentes (maioria dos insumos do ERP que comecam com KIT), unidade un | NOME DUPLICADO na origem: o outro id e mt7q9z06vcww1; os dois vao para o mesmo insumo do ERP | este id nao tem uso (ativo=false na origem) | inativo na origem"
mtw15j9m54lwf;KIT EMBREAGEM PLATO/DISCO/ROLAMENTO 395MM 18 ESTRIAS;un;;entradas:1,os_pecas:1,os_oleos:0;0;adfab417-25fd-44e5-a108-677261533913;;KIT EMBREAGEM PLATO/DISCO/ROLAMENTO 395MM 18 ESTRIAS;un;Peças e componentes;nome_exato;certa;
ms6kxrk85zib9;KIT REPARO EIXO;un;;entradas:1,os_pecas:1,os_oleos:0;0;;;;;;CRIAR;media;parecidos, sem nome igual: 0a6d42f8 1335M121 KIT REPARO EIXO S FREIO AR BUCHA (un, Aço, ferragens e fixação) | sugestao: categoria Peças e componentes (maioria dos insumos do ERP que comecam com KIT), unidade un
mt7hcztlzreg8;KIT RETENTOR 01;un;;entradas:1,os_pecas:1,os_oleos:0;0;;;;;;CRIAR;media;parecidos, sem nome igual: f94f94e4 KIT RETENTOR (un, Hidráulica) | sugestao: categoria Peças e componentes (maioria dos insumos do ERP que comecam com KIT), unidade un
mt7hd5w0ttk71;KIT RETENTOR 02;un;;entradas:1,os_pecas:1,os_oleos:0;0;;;;;;CRIAR;media;parecidos, sem nome igual: f94f94e4 KIT RETENTOR (un, Hidráulica) | sugestao: categoria Peças e componentes (maioria dos insumos do ERP que comecam com KIT), unidade un
mt7qajj5dcbzd;KIT RETENTOR CILINDRO HIDRAULICO 01;un;;entradas:1,os_pecas:1,os_oleos:0;0;;;;;;CRIAR;baixa;"ANTES DE CRIAR, conferir provavel par (nome quase igual): e5f758e1 KIT RETENTOR CILINDRO HIDRAULICO - 7003603 (un, Hidráulica); 240b7622 KIT RETENTOR CILINDRO HIDRAULICO - 7003606 (un, Hidráulica) | sugestao: categoria Peças e componentes (maioria dos insumos do ERP que comecam com KIT), unidade un"
mt7qaq5vw9tti;KIT RETENTOR CILINDRO HIDRAULICO 02;un;;entradas:1,os_pecas:1,os_oleos:0;0;;;;;;CRIAR;baixa;"ANTES DE CRIAR, conferir provavel par (nome quase igual): e5f758e1 KIT RETENTOR CILINDRO HIDRAULICO - 7003603 (un, Hidráulica); 240b7622 KIT RETENTOR CILINDRO HIDRAULICO - 7003606 (un, Hidráulica) | sugestao: categoria Peças e componentes (maioria dos insumos do ERP que comecam com KIT), unidade un"
ms7mm2aoo2slb;LAMPADA 1 POLO 24V;un;;entradas:1,os_pecas:1,os_oleos:0;0;c1c0515b-bf36-445d-a33e-b4b2b661189f;10046;LÂMPADA 1 POLO 24V;un;Elétrica;nome_normalizado;alta;
ms7mmzjksf4rv;LAMPADA BASE 24V;un;;entradas:1,os_pecas:1,os_oleos:0;0;;;;;;CRIAR;media;"parecidos, sem nome igual: 3c0f9cec 1335M192 LAMPADA 67 24V (un, Elétrica); ecde7ca2 10047 LÂMPADA 67 24V (un, Elétrica); 3092546b 1335M193 LAMPADA 69 24V (un, Elétrica); a94abefe LAMPADA H3 24V (un, Elétrica) | sugestao: categoria Elétrica (maioria dos insumos do ERP que comecam com LAMPADA), unidade un"
mta9rzoss0k27;LAMPADA H3 24V;un;;entradas:1,os_pecas:1,os_oleos:0;0;a94abefe-325b-4eeb-be28-12e5a1a8eca5;;LAMPADA H3 24V;un;Elétrica;nome_exato;certa;
ms7mlshcctskx;LAMPADA H4;un;;entradas:1,os_pecas:1,os_oleos:0;0;;;;;;CRIAR;media;"parecidos, sem nome igual: 14f9423b 118 LÂMPADA 24W (un, Elétrica); a94abefe LAMPADA H3 24V (un, Elétrica) | sugestao: categoria Elétrica (maioria dos insumos do ERP que comecam com LAMPADA), unidade un"
ms94m6dk1jvcf;LENTE CAMINHÃO;un;;entradas:1,os_pecas:2,os_oleos:0;0;;;;;;CRIAR;media;"candidato por palavra-chave (revisar; lente): cf75845e 1335M544PE108 LENTE TRASSEIRA (un, A classificar) | sugestao: categoria Peças e componentes (nenhum insumo do ERP comeca com LENTE), unidade un"
mr9rz4mjcpbcv97;LIMA/BORDA REVERSIVEL 10 FUROS;UN;;entradas:1,os_pecas:1,os_oleos:0;0;;;;;;CRIAR;alta;nenhum parecido no ERP | sugestao: categoria Ferramentas e consumíveis (maioria dos insumos do ERP que comecam com LIMA), unidade un
ms0gae3vql06e;LIMPADOR DO SISTEMA;un;;entradas:2,os_pecas:2,os_oleos:0;0;3ecaef88-9672-4553-9d8e-2430dd6bb57f;1335M272;LIMPADOR DO SISTEMA;un;Peças e componentes;nome_exato;certa;
ms0gancagckc6;LIMPADOR INTERNO;un;;entradas:1,os_pecas:1,os_oleos:0;0;fc03130d-e0af-4b76-b6d8-8609066454a4;455;LIMPADOR INTERNO;un;Peças e componentes;nome_exato;certa;
mrwk05l9syaul;LONA FREIO;un;;entradas:5,os_pecas:5,os_oleos:0;0;;;;;;CRIAR;media;"parecidos, sem nome igual: d3ca7856 1335M122 JOGO LONA FREIO TRASEIRO (un, Madeira e formas); aa972cfc 267 LONA FREIO DIANTEIRA TRASEIRA (un, Peças e componentes) | sugestao: categoria Madeira e formas (maioria dos insumos do ERP que comecam com LONA), unidade un"
msuj3hqvn964c;LUBRIFICANTE PARA DI;un;;entradas:1,os_pecas:1,os_oleos:0;0;;;;;;CRIAR;media;parecidos, sem nome igual: 3bae9bb9 1098 LUBRIFICANTE SOPRADOR (un, Lubrificantes e graxas) | sugestao: categoria Lubrificantes e graxas (maioria dos insumos do ERP que comecam com LUBRIFICANTE), unidade un
mubl42ofcb9xu;LUVA INJETOR D6N;un;;entradas:1,os_pecas:1,os_oleos:0;0;;;;;;CRIAR;media;parecidos, sem nome igual: c5c0a56f LUVA INJETOR (un, Hidráulica) | sugestao: categoria Hidráulica (maioria dos insumos do ERP que comecam com LUVA), unidade un
mskjzktkayoym;MAÇANETA LEVANTAT VIDRO;un;;entradas:1,os_pecas:1,os_oleos:0;0;;;;;;CRIAR;media;parecidos, sem nome igual: c8e04d5d 1335M544PE MANIVELA LEVANTAR VIDRO (un, Peças e componentes) | sugestao: categoria Peças e componentes (maioria dos insumos do ERP que comecam com MACANETA), unidade un
mu4ibrz1mwcr8;MANGUEIRA 8MM;m;;entradas:1,os_pecas:1,os_oleos:0;0;;;;;;CRIAR;alta;nenhum parecido no ERP | sugestao: categoria Peças e componentes (maioria dos insumos do ERP que comecam com MANGUEIRA), unidade m
mt3cpq5ji91t8;MANGUEIRA HIDRAULICA COMPLETA;un;;entradas:2,os_pecas:2,os_oleos:0;0;47002f2a-1409-4298-829c-db813c0ce939;1335M470;MANGUEIRA HIDRAULICA COMPLETA;un;Peças e componentes;nome_exato;certa;
mtiwle7ksutlq;MANGUEIRA HIDRUALICA COMPLETA 2;un;;entradas:2,os_pecas:2,os_oleos:0;0;;;;;;CRIAR;baixa;ANTES DE CRIAR, conferir provavel par (nome quase igual): 47002f2a 1335M470 MANGUEIRA HIDRAULICA COMPLETA (un, Peças e componentes) | sugestao: categoria Peças e componentes (maioria dos insumos do ERP que comecam com MANGUEIRA), unidade un
mskjz9qin82cy;MAQUINA VIDRO MANUAL;un;;entradas:1,os_pecas:1,os_oleos:0;0;1866f9f5-b36c-4084-a0f0-3448f1d8da5a;1335M87;MAQUINA VIDRO MANUAL;un;Peças e componentes;nome_exato;certa;
mr9rz4mj7ujwzpm;MÓDULO EXPANSÃO;UN;;entradas:1,os_pecas:1,os_oleos:0;0;;;;;;CRIAR;alta;nenhum parecido no ERP | sugestao: categoria Peças e componentes (maioria dos insumos do ERP que comecam com MODULO), unidade un
ms6l36fph9z5p;MOLA 1A TS MB;un;;entradas:1,os_pecas:1,os_oleos:0;0;;;;;;CRIAR;media;"parecidos, sem nome igual: 1f7c4bd4 1073 MOLA 1A TS MB 1620 TRUCADO/PN:MB112-1 (un, Peças e componentes) | sugestao: categoria Peças e componentes (maioria dos insumos do ERP que comecam com MOLA), unidade un | NOME DUPLICADO na origem: o outro id e ms6l2d860c8n3; os dois vao para o mesmo insumo do ERP"
ms6l2d860c8n3;MOLA 1A TS MB;un;;entradas:0,os_pecas:0,os_oleos:0;0;;;;;;CRIAR;media;"parecidos, sem nome igual: 1f7c4bd4 1073 MOLA 1A TS MB 1620 TRUCADO/PN:MB112-1 (un, Peças e componentes) | sugestao: categoria Peças e componentes (maioria dos insumos do ERP que comecam com MOLA), unidade un | NOME DUPLICADO na origem: o outro id e ms6l36fph9z5p; os dois vao para o mesmo insumo do ERP | este id nao tem uso (ativo=false na origem) | inativo na origem"
ms6ksehkm74wf;MOLA 1ADT MB ATEGO;un;;entradas:2,os_pecas:2,os_oleos:0;0;;;;;;CRIAR;baixa;ANTES DE CRIAR, conferir provavel par (nome quase igual): aa96b2e5 1335M184 MOLA 1A DT MB ATEGO (un, A classificar) | sugestao: categoria Peças e componentes (maioria dos insumos do ERP que comecam com MOLA), unidade un
mtd5pvipuymnl;MOLA 2A DT MB;un;;entradas:1,os_pecas:1,os_oleos:0;0;;;;;;CRIAR;media;parecidos, sem nome igual: 48b6ad14 10194 MOLA 2A DT MB ATEGO 1315/1318/1418-2005//PN:MBP241302 (un, Peças e componentes) | sugestao: categoria Peças e componentes (maioria dos insumos do ERP que comecam com MOLA), unidade un
ms6kt99yiosi4;MOLA 2A DT MB ATEGO;un;;entradas:1,os_pecas:1,os_oleos:0;0;;;;;;CRIAR;baixa;ANTES DE CRIAR, conferir provavel par (nome quase igual): aa96b2e5 1335M184 MOLA 1A DT MB ATEGO (un, A classificar) | outros parecidos: 48b6ad14 10194 MOLA 2A DT MB ATEGO 1315/1318/1418-2005//PN:MBP241302 (un, Peças e componentes) | sugestao: categoria Peças e componentes (maioria dos insumos do ERP que comecam com MOLA), unidade un
ms7muy1qeq9hh;MOLA 2A TS MB TRUCK;un;;entradas:1,os_pecas:1,os_oleos:0;0;;;;;;CRIAR;alta;nenhum parecido no ERP | sugestao: categoria Peças e componentes (maioria dos insumos do ERP que comecam com MOLA), unidade un
mskhj8tsd058b;MOLA LISA TRUCK;un;;entradas:1,os_pecas:1,os_oleos:0;0;;;;;;CRIAR;alta;nenhum parecido no ERP | sugestao: categoria Peças e componentes (maioria dos insumos do ERP que comecam com MOLA), unidade un
mt0hx5ltvh2lw;MOLA MESRTE TRUCK;un;;entradas:2,os_pecas:2,os_oleos:0;0;;;;;;CRIAR;alta;nenhum parecido no ERP | sugestao: categoria Peças e componentes (maioria dos insumos do ERP que comecam com MOLA), unidade un
mst1jkij0uh1x;MOLA MESTRE DIANTEIRA;un;;entradas:1,os_pecas:1,os_oleos:0;0;;;;;;CRIAR;media;"candidato por palavra-chave (revisar; mola mestre / mola dianteira): ce01b3b2 1335M544PE181 MOLA MESTRE GUERRA 1 E 3 EIXO PARABOLICA FURO FORA CENTRO 90 X 7/16 X 700 X 550 (un, Equipe própria); 9e814e55 137 MOLA DIANTEIRA 80X16 (un, Peças e componentes) | sugestao: categoria Peças e componentes (maioria dos insumos do ERP que comecam com MOLA), unidade un"
ms6ky53zdu4cq;MOLA SAPATA FREIO;un;;entradas:2,os_pecas:2,os_oleos:0;0;769ec0e2-2706-48a5-bea9-e2ff837ae287;1335M544PE211;MOLA SAPATA FREIO;un;Peças e componentes;nome_exato;certa;
mtj2ubusy21ee;MOTOR DE PARTIDA 12V 10D MF292;un;;entradas:1,os_pecas:1,os_oleos:0;0;;;;;;CRIAR;baixa;ANTES DE CRIAR, conferir provavel par (nome quase igual): c817e23f MOTOR PARTIDA 12V 10D MF292 (un, Hidráulica) | sugestao: categoria Peças e componentes (maioria dos insumos do ERP que comecam com MOTOR), unidade un
mta9rcri4d5hf;MOTOR LIMPADOR 24V;un;;entradas:1,os_pecas:1,os_oleos:0;0;2ed7c4e8-78c1-4c9b-89b2-60bd0ef11114;;MOTOR LIMPADOR 24V;un;Hidráulica;nome_exato;certa;
mt0l64rar1gwh;MOTOR PARTIDA ZEN32015;un;;entradas:1,os_pecas:1,os_oleos:0;0;;;;;;CRIAR;media;"candidato por palavra-chave (revisar; motor de partida sem modelo no ERP): 27e3f947 1335M544PE327 MOTOR DE PARTIDA (un, A classificar) | sugestao: categoria Peças e componentes (maioria dos insumos do ERP que comecam com MOTOR), unidade un"
mt3c6l4lal9ye;MUNHÃO;un;;entradas:2,os_pecas:2,os_oleos:0;0;62ccb625-06db-43f7-9c96-3ac127606f74;;MUNHÃO;un;A classificar;nome_exato;certa;
ms0ga81mibsoa;ODORIZADOR VEICULAR;un;;entradas:2,os_pecas:2,os_oleos:0;0;;;;;;CRIAR;alta;nenhum parecido no ERP | sugestao: categoria Peças e componentes (nenhum insumo do ERP comeca com ODORIZADOR), unidade un
mrp5llax4kh0n;ÓLEO 10W30 - DAF EXTREME;un;ÓLEO 10W30 - DAF EXTREME;entradas:4,os_pecas:1,os_oleos:4;0;;;;;;CRIAR;baixa;"candidato por palavra-chave (revisar; mesmo produto com as palavras em outra ordem): eb78f4e8 1335M544PE159 DAF EXTREME FE 10W30 (L, Lubrificantes e graxas) | sugestao: categoria Lubrificantes e graxas (maioria dos insumos do ERP que comecam com OLEO), unidade un | tem tipo de oleo mas aparece em os_pecas (1)"
mrjmv2ikwn987;ÓLEO 15W40;L;Óleo de Motor 15W40;entradas:1,os_pecas:0,os_oleos:16;0;a9fff3d9-6d31-4585-a5c6-c6ab35b4bded;6031;Óleo 15w40;un;Lubrificantes e graxas;nome_normalizado;media;"unidade diverge: origem L x ERP un; conferir conversao"
mrjrfskvqm7n1;ÓLEO 50;L;Óleo de Transmissão 50;entradas:1,os_pecas:0,os_oleos:1;42;84da6059-f4a6-405a-9299-63fc42bdec66;1335M544PE119;OLEO 50;un;Lubrificantes e graxas;nome_normalizado;media;"unidade diverge: origem L x ERP un; conferir conversao"
mt0klar0rbrly;Óleo 5w40;un;Óleo 5w40;entradas:4,os_pecas:0,os_oleos:4;0;;;;;;CRIAR;baixa;"ANTES DE CRIAR, conferir provavel par (nome quase igual): a9fff3d9 6031 Óleo 15w40 (un, Lubrificantes e graxas) | outros parecidos: 9fd8ead8 1335M544PE253 ÓLEO 5W30 (L, Lubrificantes e graxas); 84da6059 1335M544PE119 OLEO 50 (un, Lubrificantes e graxas); 273145e1 Óleo do Motor 5W40 (un, A classificar) | sugestao: categoria Lubrificantes e graxas (maioria dos insumos do ERP que comecam com OLEO), unidade un"
mrjqv255huin3;ÓLEO 68;un;Óleo Hidráulico 68;entradas:1,os_pecas:0,os_oleos:1;0;e4b4b71f-48fb-43be-aa67-8f3ea5e02897;1335M544PE217;ÓLEO 68;un;Lubrificantes e graxas;nome_exato;certa;
mtj7q4ysulkmm;OLEO 80W EP GL4;litro;;entradas:1,os_pecas:0,os_oleos:0;80;;;;;;CRIAR;media;"candidato por palavra-chave (revisar; mesma viscosidade 80W, marca nao informada na origem): 8c1ec467 96 LUBRAX TRM 4 80W - BL 20 L (un, Lubrificantes e graxas); dc1688e4 10134 MBL-110984 - 80W M-LUBE GX-A PAIL S/P / 20 LTS (un, Peças e componentes) | sugestao: categoria Lubrificantes e graxas (maioria dos insumos do ERP que comecam com OLEO), unidade L"
mrl14wlobqmkq;ÓLEO 90;L;Óleo de Diferencial - 90;entradas:1,os_pecas:0,os_oleos:3;15.5;aa69395c-8c7f-44ef-ac6c-353e74609414;;ÓLEO 90;BD;Lubrificantes e graxas;nome_exato;media;"unidade diverge: origem L x ERP BD; conferir conversao"
mrjn4wzlfnoad;ÓLEO ATF;L;ATF (transmissão automática);entradas:2,os_pecas:0,os_oleos:3;0.3;;;;;;CRIAR;baixa;"candidato por palavra-chave (revisar; ATF): 2a5e347c 93 LUBRAX ATF TDX 1 LITRO (un, Lubrificantes e graxas) | parecidos, sem nome igual: 5d100752 1335M518 ÓLEO 2T (un, Lubrificantes e graxas) | sugestao: categoria Lubrificantes e graxas (maioria dos insumos do ERP que comecam com OLEO), unidade L"
mrml34ih9aior;Óleo de Freio - DOT 4;L;Óleo de Freio - DOT 4;entradas:1,os_pecas:0,os_oleos:1;11;;;;;;CRIAR;baixa;"candidato por palavra-chave (revisar; DOT 4 e fluido de freio): 43248118 226 DOT 4 - FLUIDO PARA FREIOS (un, Lubrificantes e graxas) | sugestao: categoria Lubrificantes e graxas (maioria dos insumos do ERP que comecam com OLEO), unidade L"
mtram769sf8xb;Óleo de Motor Motul X-Tech Clean;L;Óleo de Motor Motul X-Tech Clean;entradas:1,os_pecas:0,os_oleos:1;0;e5f3cd02-9f8e-4244-a446-f45c6872be82;;OLEO DE MOTOR MOTUL X-TECH CLEAN;L;A classificar;nome_normalizado;alta;
mrl7om2nsx6zh;Óleo Eaton - Caixa de Marcha Pesada;L;Óleo Eaton - Caixa de Marcha Pesada;entradas:1,os_pecas:0,os_oleos:1;4;;;;;;CRIAR;baixa;"candidato por palavra-chave (revisar; Eaton caixa pesada): 78ec95bf 10195 OLEO EATON SAE 40 FS4005/ ( VERDE CX. PESADA ) (un, Lubrificantes e graxas) | sugestao: categoria Lubrificantes e graxas (maioria dos insumos do ERP que comecam com OLEO), unidade L"
mt0j14vmxrrc5;Óleo Mineral Motor GTX Anti-BC;L;Óleo 20w50;entradas:1,os_pecas:0,os_oleos:1;0;;;;;;CRIAR;baixa;"ANTES DE CRIAR, conferir provavel par (nome quase igual): 32dec8b2 467 ÓLEO MINERAL MOTOR GTX ANTI-B (un, Lubrificantes e graxas) | outros parecidos: 69636384 963 LITRO OLEO MINERAL MOTOR GTX ANTI-B (un, Lubrificantes e graxas) | sugestao: categoria Lubrificantes e graxas (maioria dos insumos do ERP que comecam com OLEO), unidade L | NOME DUPLICADO na origem: o outro id e mt0ipdz3akmk5; os dois vao para o mesmo insumo do ERP"
mt0ipdz3akmk5;ÓLEO MINERAL MOTOR GTX ANTI-BC;L;;entradas:0,os_pecas:0,os_oleos:0;0;;;;;;CRIAR;baixa;"ANTES DE CRIAR, conferir provavel par (nome quase igual): 32dec8b2 467 ÓLEO MINERAL MOTOR GTX ANTI-B (un, Lubrificantes e graxas) | outros parecidos: 69636384 963 LITRO OLEO MINERAL MOTOR GTX ANTI-B (un, Lubrificantes e graxas) | sugestao: categoria Lubrificantes e graxas (maioria dos insumos do ERP que comecam com OLEO), unidade L | NOME DUPLICADO na origem: o outro id e mt0j14vmxrrc5; os dois vao para o mesmo insumo do ERP | este id nao tem uso (ativo=false na origem) | inativo na origem"
mrzeen0qdhqol;Óleo Mobil 10w30;L;Óleo Mobil 10w30;entradas:2,os_pecas:0,os_oleos:4;1;;;;;;CRIAR;media;parecidos, sem nome igual: 203da4f2 ÓLEO MOTOR 10W30 (un, Lubrificantes e graxas) | sugestao: categoria Lubrificantes e graxas (maioria dos insumos do ERP que comecam com OLEO), unidade L
ms0g891yxlu0e;OLEO MOTOR COM DPF T;un;;entradas:2,os_pecas:2,os_oleos:0;0;ffaa403b-99a1-47bc-96d9-43a1b96390cf;449;OLEO MOTOR COM DPF T;L;Lubrificantes e graxas;nome_exato;media;"unidade diverge: origem un x ERP L; conferir conversao"
mtj7r2leouj70;OLEO MULTIGEAR SAE90 GL05;litro;Óleo de Diferencial - 90;entradas:1,os_pecas:0,os_oleos:0;80;;;;;;CRIAR;alta;nenhum parecido no ERP | sugestao: categoria Lubrificantes e graxas (maioria dos insumos do ERP que comecam com OLEO), unidade L
mt7qeidnwhovt;OLEO SINTETICO VG220;un;Óleo Lubrificante;entradas:1,os_pecas:0,os_oleos:1;0;;;;;;CRIAR;media;parecidos, sem nome igual: 93809e2a OLEO SINTETICO VG220 - 2170074 (un, Hidráulica) | sugestao: categoria Lubrificantes e graxas (maioria dos insumos do ERP que comecam com OLEO), unidade un
mtj7nrzwxj251;OLEO URSA 15W40 TDS PREMIUM CI4;litro;Óleo de Motor 15W40;entradas:1,os_pecas:0,os_oleos:10;802;;;;;;CRIAR;baixa;ANTES DE CRIAR, conferir provavel par (nome quase igual): 9410718e 1335M401 OLEO BALDE URSA 15W40 TDS PREMIUM CI4 (L, Lubrificantes e graxas) | sugestao: categoria Lubrificantes e graxas (maioria dos insumos do ERP que comecam com OLEO), unidade L
mtj7ow9prvgxg;OLEO URSA SAE50 LA3;litro;Óleo de Transmissão 50;entradas:1,os_pecas:0,os_oleos:1;80;;;;;;CRIAR;alta;nenhum parecido no ERP | sugestao: categoria Lubrificantes e graxas (maioria dos insumos do ERP que comecam com OLEO), unidade L
mt0i3c81vzne8;PARAFUSO 320C - CPX 01;un;;entradas:1,os_pecas:3,os_oleos:0;0;;;;;;CRIAR;alta;nenhum parecido no ERP | sugestao: categoria Peças e componentes (maioria dos insumos do ERP que comecam com PARAFUSO), unidade un
mt0kreodg7aiu;PARAFUSO CARTER;un;;entradas:2,os_pecas:2,os_oleos:0;0;0b7d432e-51c4-44ee-96eb-23bb297fcd4f;;PARAFUSO CARTER;un;A classificar;nome_exato;certa;
mskk3fcnq7rbc;PARAFUSO LAMINA 5/8;un;;entradas:1,os_pecas:1,os_oleos:0;0;;;;;;CRIAR;media;"parecidos, sem nome igual: e87de691 1014 PARAFUSO DA LAMINA 1 (un, Peças e componentes); 384818ff 1015 PARAFUSO DA LÂMINA 2 (un, Peças e componentes) | sugestao: categoria Peças e componentes (maioria dos insumos do ERP que comecam com PARAFUSO), unidade un"
mubm86mqflzxr;PARAFUSO SEXTAVADO 1/4;un;;entradas:1,os_pecas:1,os_oleos:0;0;f40114a6-03c2-4fa9-b5f1-39fa4bc6bcf2;359;Parafuso Sextavado 1/4;un;A classificar;nome_normalizado;alta;
mtw17octyxeve;PARAFUSO SEXTAVADO 12X30 8.8;un;;entradas:1,os_pecas:1,os_oleos:0;0;;;;;;CRIAR;media;"parecidos, sem nome igual: f40114a6 359 Parafuso Sextavado 1/4 (un, A classificar); 9d94e4ee 1031 PARAFUSO SEXTAVADO 1/4X70 CI 7 (un, Peças e componentes) | sugestao: categoria Peças e componentes (maioria dos insumos do ERP que comecam com PARAFUSO), unidade un"
mtw18yh2wu6a7;PARAFUSO SEXTAVADO 16X40 8.8;un;;entradas:1,os_pecas:1,os_oleos:0;0;;;;;;CRIAR;media;"parecidos, sem nome igual: f40114a6 359 Parafuso Sextavado 1/4 (un, A classificar); 9d94e4ee 1031 PARAFUSO SEXTAVADO 1/4X70 CI 7 (un, Peças e componentes) | sugestao: categoria Peças e componentes (maioria dos insumos do ERP que comecam com PARAFUSO), unidade un"
mtw18m6420dsg;PARAFUSO SEXTAVADO 16X50 8.8;un;;entradas:1,os_pecas:1,os_oleos:0;0;;;;;;CRIAR;media;"parecidos, sem nome igual: f40114a6 359 Parafuso Sextavado 1/4 (un, A classificar); 9d94e4ee 1031 PARAFUSO SEXTAVADO 1/4X70 CI 7 (un, Peças e componentes) | sugestao: categoria Peças e componentes (maioria dos insumos do ERP que comecam com PARAFUSO), unidade un"
mt0i7kbfbb8sn;PARAFUSO SEXTAVADO BRAÇADEIRA TUBO INJETOR 320C - A14;un;;entradas:1,os_pecas:1,os_oleos:0;0;;;;;;CRIAR;alta;nenhum parecido no ERP | sugestao: categoria Peças e componentes (maioria dos insumos do ERP que comecam com PARAFUSO), unidade un
mt0i9kiavi00p;PARAFUSO SEXTAVADO M6X1 - 0X18MM - H12;un;;entradas:1,os_pecas:1,os_oleos:0;0;;;;;;CRIAR;alta;nenhum parecido no ERP | sugestao: categoria Peças e componentes (maioria dos insumos do ERP que comecam com PARAFUSO), unidade un
ms7mx9bq0mper;PARALAMA GUERRA;un;;entradas:1,os_pecas:1,os_oleos:0;0;;;;;;CRIAR;media;parecidos, sem nome igual: e57d3c52 1335M544PE258 PARALAMA ENVOLVENTE 2005 A 2009 GUERRA (un, Peças e componentes) | sugestao: categoria Peças e componentes (maioria dos insumos do ERP que comecam com PARALAMA), unidade un
mt3c6fsvr5398;PASTILHA DE FREIO;un;;entradas:2,os_pecas:2,os_oleos:0;0;;;;;;CRIAR;baixa;"ANTES DE CRIAR, conferir provavel par (nome quase igual): 1e4abf8a 521 PASTILHA DE FEIO (un, Peças e componentes); e9b6e9fa 518 PASTILHA DE FREIO '7' (un, Peças e componentes) | outros parecidos: b03dd3ab 458 JOGO PASTILHA FREIO (un, Peças e componentes); bbaac486 958 JOGO PASTILHA FREIO DIANTEIRO (un, Peças e componentes); cb993cbb 928 PASTILHA FREIO DIANT XTZ  CROSSER (un, Peças e componentes); 5e102b5f 111 PASTILHA FREIO DT AMAROK CD 2.0 16V (un, Peças e componentes) | sugestao: categoria Peças e componentes (maioria dos insumos do ERP que comecam com PASTILHA), unidade un"
ms6ld9lh1b4vc;PEÇA DE FIXAÇÃO;un;;entradas:2,os_pecas:2,os_oleos:0;0;b3e9f5da-7ff6-40ce-926e-521117bc61a3;1335M544PE188;PEÇA DE FIXACAO;un;Peças e componentes;nome_normalizado;alta;
mrxwcw26r2ldl;PERFIL ALUM. PROTETOR LATERAL CICLISTA 4000 MM RANDON;un;;entradas:1,os_pecas:1,os_oleos:0;0;0f434fbb-89b1-4511-8b04-ccd84b3a90e3;1335M544PE18;PERFIL ALUM. PROTETOR LATERAL CICLISTA 4000 MM RANDON;un;Peças e componentes;nome_exato;certa;
mr9rz4mjs598h9x;PINO CENTRO 3/8X6;UN;;entradas:1,os_pecas:1,os_oleos:0;0;;;;;;CRIAR;media;parecidos, sem nome igual: b548e2b1 1335M544PE179 PINO CENTRO 9/16 (un, Peças e componentes) | sugestao: categoria Peças e componentes (maioria dos insumos do ERP que comecam com PINO), unidade un
mrv74gecddpjf;PINO MOLA DIANTEIRA;un;;entradas:1,os_pecas:1,os_oleos:0;0;;;;;;CRIAR;media;parecidos, sem nome igual: 38996ed0 134 ARRUELA DO PINO MOLA  DIANTEIRA (un, Peças e componentes) | sugestao: categoria Peças e componentes (maioria dos insumos do ERP que comecam com PINO), unidade un
mtrb1czt0cjfa;PINO NÃO ROSCADO EM AÇO LIGA TEMPERADO;un;;entradas:1,os_pecas:1,os_oleos:0;0;bd274d56-d97d-436f-8cf3-a54df63d497b;;PINO NÃO ROSCADO EM AÇO LIGA TEMPERADO;un;A classificar;nome_exato;certa;
mrwjzifzjuo8l;PINO SAPATA FREIO;un;;entradas:1,os_pecas:1,os_oleos:0;0;;;;;;CRIAR;media;parecidos, sem nome igual: 769ec0e2 1335M544PE211 MOLA SAPATA FREIO (un, Peças e componentes) | sugestao: categoria Peças e componentes (maioria dos insumos do ERP que comecam com PINO), unidade un
mt0i83ma5hxie;PLACA BRAÇADEIRA TUBO INJETOR 320C - H5;un;;entradas:1,os_pecas:1,os_oleos:0;0;;;;;;CRIAR;alta;nenhum parecido no ERP | sugestao: categoria EPI e sinalização (maioria dos insumos do ERP que comecam com PLACA), unidade un
mt7q7r88pg2ip;PLUS 50 II 15W40 20L;BD;Óleo de Motor 15W40;entradas:1,os_pecas:0,os_oleos:1;0;64d5267f-3817-4856-b1d4-d282fbb85502;;PLUS 50 II 15W40 20L;L;Hidráulica;nome_exato;media;"unidade diverge: origem BD x ERP L; conferir conversao | na origem os os_oleos deste insumo foram gravados em L (modal forca L); a quantidade do OS e em balde"
mr9rz4mj406noux;PNEU 205/60R;UN;;entradas:1,os_pecas:1,os_oleos:0;0;;;;;;CRIAR;media;parecidos, sem nome igual: 9731a5a7 919 205/60R 15 PNEU LINGLONG 91H GROSSWIND AT (un, Pneus e câmaras) | sugestao: categoria Pneus e câmaras (maioria dos insumos do ERP que comecam com PNEU), unidade un
mthr1uf81r11j;PNEU 295/80R 22.5 LISO 18PR 152/149L TL T203 SUPERCAR;un;;entradas:1,os_pecas:1,os_oleos:0;0;;;;;;CRIAR;baixa;ANTES DE CRIAR, conferir provavel par (nome quase igual): 0ba06b75 295/80R 22.5 LISO 18PR 152/149L TL T203 SUPERCAR (un, Pneus e câmaras) | sugestao: categoria Pneus e câmaras (maioria dos insumos do ERP que comecam com PNEU), unidade un
mta9vdq74m09p;PNEU 295/80R22.5 16PR 152/148M HTR1 CONTINENTAL;un;;entradas:1,os_pecas:1,os_oleos:0;0;04135482-a73b-4900-ab6d-1aa9026ae914;;PNEU 295/80R22.5 16PR 152/148M HTR1 CONTINENTAL;un;A classificar;nome_exato;certa;
mrw8ig7kggkkk;PNEU LISO;un;;entradas:1,os_pecas:1,os_oleos:0;0;;;;;;CRIAR;media;"parecidos, sem nome igual: abebbe42 1335M534 PNEU 295/80R22.5 152/148M TL ITINERIS - LISO (un, Pneus e câmaras); ca9cf89e 1R741 295/80/R22.5 18PR - PNEU 295/80/R22.5 WELLPLUS POWER WST756 18PR LISO (un, Pneus e câmaras) | sugestao: categoria Pneus e câmaras (maioria dos insumos do ERP que comecam com PNEU), unidade un"
mrw8ikk54kgsm;PNEU MISTO;un;;entradas:1,os_pecas:1,os_oleos:0;0;;;;;;CRIAR;media;"parecidos, sem nome igual: f180e44c 10336 PNEU 275/80R22.5 AOSEN RD951 145/143 16 LONAS MISTO (un, Pneus e câmaras); 4e7ca1d3 1R740 PN295/80/R22.5SP902 - PNEU 295/80/R22.5 SPORTRAC SP902 18PR 40112010 060 5405 UN  (MISTO) (un, Pneus e câmaras) | sugestao: categoria Pneus e câmaras (maioria dos insumos do ERP que comecam com PNEU), unidade un"
mskk369bzk2uy;PORCA 5/8;un;;entradas:2,os_pecas:2,os_oleos:0;0;;;;;;CRIAR;media;parecidos, sem nome igual: bbec9f36 742 Porca 3/8' (un, Aço, ferragens e fixação) | sugestao: categoria Peças e componentes (maioria dos insumos do ERP que comecam com PORCA), unidade un
mtw19bedkbeij;PORCA SEXTAVADA 16X1.50 TRAVANTE;un;;entradas:1,os_pecas:1,os_oleos:0;0;;;;;;CRIAR;media;"candidato por palavra-chave (revisar; porca 16 mm travante): d83cf021 1335M404 PORCA 16MM TRAVANTE (un, Peças e componentes) | sugestao: categoria Peças e componentes (maioria dos insumos do ERP que comecam com PORCA), unidade un"
mrjlt11rrd0u5;PROTETOR CAMARA DE AR;un;;entradas:2,os_pecas:2,os_oleos:0;0;;;;;;CRIAR;alta;nenhum parecido no ERP | sugestao: categoria EPI e sinalização (maioria dos insumos do ERP que comecam com PROTETOR), unidade un
mrwk0dxis98vb;REBITE MAÇICO ALUMINIO;un;;entradas:6,os_pecas:6,os_oleos:0;0;;;;;;CRIAR;media;parecidos, sem nome igual: 87b12b4a 1335M118 CENTO REBITE ALUMINIO MACICO 10X14M (un, Peças e componentes) | sugestao: categoria Peças e componentes (maioria dos insumos do ERP que comecam com REBITE), unidade un
mt0ldvt2hy4js;REGISTRO ESFERA 1.2/2;un;;entradas:1,os_pecas:1,os_oleos:0;0;;;;;;CRIAR;media;"parecidos, sem nome igual: d7932710 1057 REGISTRO RAINHA 9095 1/2 ESFERA (un, Hidráulica); 525d339f MAI-ORS-00006036/SINAPI Registro de esfera pvc, com borboleta, com rosca externa, de 1/2' (un, Hidráulica) | sugestao: categoria Hidráulica (maioria dos insumos do ERP que comecam com REGISTRO), unidade un"
mr9rz4mjnkacjm6;REPARO ALAVANCA;UN;;entradas:1,os_pecas:1,os_oleos:0;0;;;;;;CRIAR;baixa;ANTES DE CRIAR, conferir provavel par (nome quase igual): 65efc0f4 584 REPARO DA ALAVANCA (un, Peças e componentes) | outros parecidos: 64271842 1335M332 REPARO DA BALANÇA (un, A classificar) | sugestao: categoria Peças e componentes (maioria dos insumos do ERP que comecam com REPARO), unidade un
mubm5ydfy1r0i;REPARO CIL LEV - ESCARIFICADOR 12H;un;;entradas:1,os_pecas:1,os_oleos:0;0;41bcef1c-81f3-4bf8-bc8e-3f69561f2c6c;;REPARO CIL LEV - ESCARIFICADOR 12H;un;Hidráulica;nome_exato;certa;
mubm5hq35vcqu;REPARO CILINDRO DIREÇÃO E BASCULHANTE LAMINA 12H;un;;entradas:1,os_pecas:1,os_oleos:0;0;;;;;;CRIAR;baixa;ANTES DE CRIAR, conferir provavel par (nome quase igual): 91d1ae20 REPARO CIL DIREÇÃO E BASCULHANTE LAMINA 12H (un, Hidráulica) | sugestao: categoria Peças e componentes (maioria dos insumos do ERP que comecam com REPARO), unidade un
mtsw70axo3ov9;REPARO DA DIREÇÃO;un;;entradas:1,os_pecas:1,os_oleos:0;0;;;;;;CRIAR;media;parecidos, sem nome igual: 91d1ae20 REPARO CIL DIREÇÃO E BASCULHANTE LAMINA 12H (un, Hidráulica) | sugestao: categoria Peças e componentes (maioria dos insumos do ERP que comecam com REPARO), unidade un
mrzc371qefrm0;REPARO DE PARTIDA;un;;entradas:1,os_pecas:1,os_oleos:0;0;;;;;;CRIAR;baixa;ANTES DE CRIAR, conferir provavel par (nome quase igual): a6e3f788 1335M491 REPARO DA PARTIDA (un, Peças e componentes) | outros parecidos: 6cf4e058 1335M544PE109 RELE DE PARTIDA (un, Elétrica) | sugestao: categoria Peças e componentes (maioria dos insumos do ERP que comecam com REPARO), unidade un
mtsw6tkbulkdg;REPARO DO ESTABILIZADOR;un;;entradas:1,os_pecas:1,os_oleos:0;0;;;;;;CRIAR;baixa;"ANTES DE CRIAR, conferir provavel par (nome quase igual): 751e0c9d 1335M117 REPARO VEDAÇÃO ESTABILIZADOR (un, Ferramentas e consumíveis) | outros parecidos: 066614c5 585 REPARO DO TRAMBULADOR (un, Peças e componentes); 488aee3e 1078 BUCHA DO ESTABILIZADOR (un, Peças e componentes); 2bf54895 1231 KIT REPARO CILINDRO ESTABILIZADOR 416 (un, Peças e componentes) | sugestao: categoria Peças e componentes (maioria dos insumos do ERP que comecam com REPARO), unidade un"
ms7mk6g71ccg6;RETENTOR CUBO TRUCK;un;;entradas:1,os_pecas:1,os_oleos:0;0;;;;;;CRIAR;media;"candidato por palavra-chave (revisar; retentor de cubo): 5854c7a8 10267 RETENTOR CUBO DA RODA DT (un, Peças e componentes); 88bedd2e 10291 RETENTOR CUBO TZ 229509 (un, Peças e componentes); 08176d19 1335M119 RETENTOR RODA CUBO CARRETA (un, Peças e componentes) | sugestao: categoria Peças e componentes (maioria dos insumos do ERP que comecam com RETENTOR), unidade un"
mrjls3hj8867e;RETENTOR PINHÃO;un;;entradas:1,os_pecas:1,os_oleos:0;0;;;;;;CRIAR;media;parecidos, sem nome igual: 038197ac 1335M414 RETENTOR PINHAO MB 1218 (un, Peças e componentes) | sugestao: categoria Peças e componentes (maioria dos insumos do ERP que comecam com RETENTOR), unidade un
mrnql18sr6ywg;RETENTOR RODA TRASEIRA;un;;entradas:3,os_pecas:3,os_oleos:0;0;1462fef4-cfa9-41c7-8328-fed1128b5cee;230;RETENTOR RODA TRASEIRA;un;Peças e componentes;nome_exato;certa;
mt0iqcmxoqvfx;RETENTOR RODA TRASSEIRA CUBO;un;;entradas:1,os_pecas:1,os_oleos:0;0;;;;;;CRIAR;media;parecidos, sem nome igual: 1462fef4 230 RETENTOR RODA TRASEIRA (un, Peças e componentes) | sugestao: categoria Peças e componentes (maioria dos insumos do ERP que comecam com RETENTOR), unidade un
mu5j7kau7zdpx;ROLAMENTO CAPA/CONE PINHAO VT118-1280;un;;entradas:1,os_pecas:1,os_oleos:0;0;;;;;;CRIAR;alta;nenhum parecido no ERP | sugestao: categoria Peças e componentes (maioria dos insumos do ERP que comecam com ROLAMENTO), unidade un
mrzc41uxy14hd;ROLAMENTO NACHI;un;;entradas:1,os_pecas:1,os_oleos:0;0;;;;;;nome_exato;baixa;"NAO ESCOLHIDO: 2 insumos do ERP com o mesmo nome normalizado: f37e2e8d 929 ROLAMENTO NACHI (un, Peças e componentes); 84d9883e 10229 ROLAMENTO NACHI (un, Peças e componentes)"
msde5quv2vpuw;ROTOR DO EXAUSTOR;un;;entradas:1,os_pecas:1,os_oleos:0;0;;;;;;CRIAR;alta;nenhum parecido no ERP | sugestao: categoria Peças e componentes (nenhum insumo do ERP comeca com ROTOR), unidade un
mskjset6rzmr2;SENSOR DE VELOCIDADE;un;;entradas:1,os_pecas:1,os_oleos:0;0;08f6172d-2e39-40ec-9651-b42f0aeb78a6;1335M544PE101;SENSOR DE VELOCIDADE;un;A classificar;nome_exato;certa;
mtsvxsj4ag3w3;SENSOR DE VELOCIDADE 3582398;un;;entradas:1,os_pecas:1,os_oleos:0;0;;;;;;CRIAR;media;parecidos, sem nome igual: 08f6172d 1335M544PE101 SENSOR DE VELOCIDADE (un, A classificar) | sugestao: categoria Peças e componentes (maioria dos insumos do ERP que comecam com SENSOR), unidade un
mr9rz4mj4oxcpa2;SENSOR INDUTIVO;UN;;entradas:1,os_pecas:1,os_oleos:0;0;4e64c29c-6db8-45e7-88f9-0114484d706d;1335M455;Sensor Indutivo;un;Peças e componentes;nome_normalizado;alta;
mr9rz4mjk4yrsye;SENSOR ROTAÇÃO BOMBA DE ALTA;UN;;entradas:1,os_pecas:1,os_oleos:0;0;;;;;;CRIAR;media;"candidato por palavra-chave (revisar; sensor de rotacao): 1bebeaa4 1070 Sensor de rotação (un, Peças e componentes) | sugestao: categoria Peças e componentes (maioria dos insumos do ERP que comecam com SENSOR), unidade un"
mubm4grvof09y;SOLENOIDE BLOQUEIO 12H - 1446294;un;;entradas:1,os_pecas:1,os_oleos:0;0;bc5a5df7-4de4-498a-894d-ff93cddee2be;;SOLENOIDE BLOQUEIO 12H - 1446294;un;Elétrica;nome_exato;certa;
mrxwr3at62yvp;SOLENOIDE BOMBA DA TRANSMISSÃO;un;;entradas:3,os_pecas:2,os_oleos:0;0;;;;;;CRIAR;alta;nenhum parecido no ERP | sugestao: categoria Elétrica (maioria dos insumos do ERP que comecam com SOLENOIDE), unidade un
mr9rz4mjvawkq1x;SOLENOIDE BOMBA INJETORA;UN;;entradas:1,os_pecas:1,os_oleos:0;0;;;;;;CRIAR;alta;nenhum parecido no ERP | sugestao: categoria Elétrica (maioria dos insumos do ERP que comecam com SOLENOIDE), unidade un
mubm47bow7esd;SOLENOIDE PARADA 12H 24V;un;;entradas:1,os_pecas:1,os_oleos:0;0;7b76adae-f458-4a66-af2e-19c6651a98b0;;SOLENOIDE PARADA 12H 24V;un;Elétrica;nome_exato;certa;
mt3cv6jtmbhd7;TAMBOR DE FREIO;un;;entradas:1,os_pecas:1,os_oleos:0;0;0575e1b2-e12f-44a3-8070-3cf4674a5252;;TAMBOR DE FREIO;un;Hidráulica;nome_exato;certa;
mskjohvsag8c2;TAMPA DO REGULADOR;un;;entradas:1,os_pecas:1,os_oleos:0;0;;;;;;CRIAR;alta;nenhum parecido no ERP | sugestao: categoria Peças e componentes (maioria dos insumos do ERP que comecam com TAMPA), unidade un
mr9rz4mjic5dt3x;TERMINAL ALAVANCA CAIXA LD;UN;;entradas:1,os_pecas:1,os_oleos:0;0;;;;;;CRIAR;media;"parecidos, sem nome igual: f64782ad 10187 TERMNINAL ALAVANNCA LD (un, Peças e componentes); 7c2bfb57 10186 TERMINAL ALAVANCA LE (un, Peças e componentes); 7c80d3c3 10188 TERMINAL DA ALAVANCA LD (un, Peças e componentes) | sugestao: categoria Elétrica (maioria dos insumos do ERP que comecam com TERMINAL), unidade un"
mr9rz4mjtlg04v0;TERMINAL ALAVANCA CAIXA LE;UN;;entradas:1,os_pecas:1,os_oleos:0;0;;;;;;CRIAR;media;parecidos, sem nome igual: 7c2bfb57 10186 TERMINAL ALAVANCA LE (un, Peças e componentes) | sugestao: categoria Elétrica (maioria dos insumos do ERP que comecam com TERMINAL), unidade un
mr9rz4mjx1bni5e;TERMINAL CAMBIO LADO DIREITO;UN;;entradas:1,os_pecas:1,os_oleos:0;0;;;;;;CRIAR;baixa;"candidato por palavra-chave (revisar; LD = lado direito): 3ddb412a 10152 TERMINAL CAMBIO LD (un, Elétrica) | sugestao: categoria Elétrica (maioria dos insumos do ERP que comecam com TERMINAL), unidade un"
mtkg6k48n5wcx;TERMINAL DE BATERIA;un;;entradas:2,os_pecas:2,os_oleos:0;0;;;;;;CRIAR;baixa;ANTES DE CRIAR, conferir provavel par (nome quase igual): a7624459 779 TERMINAL PARA BATERIA (un, Peças e componentes) | sugestao: categoria Elétrica (maioria dos insumos do ERP que comecam com TERMINAL), unidade un
mr9rz4mjoboj8zw;TERMINAL DIREÇÃO LADO DIREITO;UN;;entradas:2,os_pecas:2,os_oleos:0;0;;;;;;CRIAR;baixa;ANTES DE CRIAR, conferir provavel par (nome quase igual): be720733 1335M285 TERMINAL DIREÇÃO DIREITO (un, Peças e componentes) | sugestao: categoria Elétrica (maioria dos insumos do ERP que comecam com TERMINAL), unidade un
mt0kzaw4b6d01;TERMINAL DIREÇÃO LADO ESQUERDO;un;;entradas:1,os_pecas:1,os_oleos:0;0;;;;;;CRIAR;media;"candidato por palavra-chave (revisar; terminal esquerdo; ver tambem TERMINAL DIRECAO DIREITO be720733): 7ab946ff 1335M235 TERMINAL ESQUERDO (un, Peças e componentes) | sugestao: categoria Elétrica (maioria dos insumos do ERP que comecam com TERMINAL), unidade un"
ms6lcekrymwvt;TORNEIRA DREN-BUJAO PLUGUE;un;;entradas:3,os_pecas:3,os_oleos:0;0;;;;;;CRIAR;alta;nenhum parecido no ERP | sugestao: categoria Hidráulica (maioria dos insumos do ERP que comecam com TORNEIRA), unidade un
ms94yp9p4ja06;TRAVA ARANHA PORCA;un;;entradas:1,os_pecas:1,os_oleos:0;0;;;;;;CRIAR;alta;nenhum parecido no ERP | sugestao: categoria Peças e componentes (maioria dos insumos do ERP que comecam com TRAVA), unidade un
mrwjzx6vlxhb6;TRAVA PINO PATIM FREIO;un;;entradas:1,os_pecas:1,os_oleos:0;0;;;;;;CRIAR;baixa;"candidato por palavra-chave (revisar; PATIN x PATIM): 0fe98b1e 399 TRAVA PINO PATIN (un, Peças e componentes) | sugestao: categoria Peças e componentes (maioria dos insumos do ERP que comecam com TRAVA), unidade un"
mrwk0jx1vhya4;TUBO FLEX;un;;entradas:1,os_pecas:1,os_oleos:0;0;3149023a-f36a-4606-9669-3cb118885fa4;1335M544PE97;TUBO FLEX;un;Peças e componentes;nome_exato;certa;
mt0i06t91nznm;TUBO INJETOR;un;;entradas:1,os_pecas:1,os_oleos:0;0;;;;;;CRIAR;media;"parecidos, sem nome igual: a90ebf02 60 TUBO INJETOR R - 2128599 (un, Peças e componentes); ca203051 63 TUBO INJETOR R - 2128602 (un, Peças e componentes); b1f5e786 64 TUBO INJETOR R - 2128603 (un, Peças e componentes); 4b08cb53 65 TUBO INJETOR R - 2128604 (un, Peças e componentes); 8f1fe288 62 TUBO INJETOR R -2128601 (un, Peças e componentes) | sugestao: categoria Hidráulica (maioria dos insumos do ERP que comecam com TUBO), unidade un"
mro17fl7jpfey;UNIDADE/ APU COMPLETO CM VALVULA 4 CIRCUITO;un;;entradas:1,os_pecas:1,os_oleos:0;0;;;;;;CRIAR;media;"candidato por palavra-chave (revisar; APU): 5a42c168 1335M544PE1 UNIDADE TRAT AR APU AXOR ATEGO (un, Peças e componentes) | sugestao: categoria Peças e componentes (maioria dos insumos do ERP que comecam com UNIDADE), unidade un"
mskhq5cuy6t4u;VALVULA DE TRANSFERENCIA;un;;entradas:1,os_pecas:1,os_oleos:0;0;;;;;;CRIAR;baixa;ANTES DE CRIAR, conferir provavel par (nome quase igual): 6b9b287d 1335M544PE148 VALVULA DE TRASNFERENCIA (un, Peças e componentes) | sugestao: categoria Peças e componentes (maioria dos insumos do ERP que comecam com VALVULA), unidade un
mt3ct22d2y7f4;VALVULA FREIO DE MÃO;un;;entradas:1,os_pecas:1,os_oleos:0;0;0f0276b3-7791-401b-8ab2-fd059884d0f3;;VALVULA FREIO DE MÃO;un;Hidráulica;nome_exato;certa;
mrjlsiy0tpmo6;VALVULA RELE FREIO;un;;entradas:5,os_pecas:5,os_oleos:0;0;bcd20cff-8bdd-4537-9259-67bd4aece71e;;VALVULA RELE FREIO;un;Hidráulica;nome_exato;certa;
ms94195x2xrdr;VELA IGNIÇÃO MOTOR;un;;entradas:1,os_pecas:1,os_oleos:0;0;;;;;;CRIAR;media;"candidato por palavra-chave (revisar; vela de ignicao sem modelo na origem): 3cdd87aa 11125 Vela de ignicao MS / FS (un, A classificar); 3b5c39e3 798 Vela de Ignição MS/FS (un, Peças e componentes); 46467bdd 6056 VELA IGNIÇÃO FOX SAVEIRO (un, Peças e componentes) | sugestao: categoria Peças e componentes (maioria dos insumos do ERP que comecam com VELA), unidade un"
